"","trial","reaction_time","id","targ_index","scaled_rt"
"1",23,590,"spoli_c_008",1,-0.111905465820984
"2",29,580,"spoli_c_008",2,-0.238590898825871
"3",41,539,"spoli_c_008",3,-0.758001174145908
"4",53,644,"spoli_c_008",4,0.572195872405406
"5",65,557,"spoli_c_008",5,-0.529967394737111
"6",80,581,"spoli_c_008",6,-0.225922355525382
"7",92,610,"spoli_c_008",7,0.14146540018879
"8",98,651,"spoli_c_008",8,0.660875675508827
"9",116,502,"spoli_c_008",9,-1.22673727626399
"10",122,541,"spoli_c_008",10,-0.732664087544931
"11",137,663,"spoli_c_008",11,0.812898195114692
"12",152,742,"spoli_c_008",12,1.8137131158533
"13",164,600,"spoli_c_008",13,0.014779967183903
"14",173,826,"spoli_c_008",14,2.87787075309435
"15",179,653,"spoli_c_008",15,0.686212762109805
"16",191,582,"spoli_c_008",16,-0.213253812224894
"17",206,577,"spoli_c_008",17,-0.276596528727337
"18",215,589,"spoli_c_008",18,-0.124574009121473
"19",230,458,"spoli_c_008",19,-1.78415318148549
"20",242,536,"spoli_c_008",20,-0.796006804047374
"21",254,486,"spoli_c_008",21,-1.42943396907181
"22",260,651,"spoli_c_008",22,0.660875675508827
"23",281,618,"spoli_c_008",23,0.2428137465927
"24",293,596,"spoli_c_008",24,-0.0358942060180518
"25",547,535,"spoli_c_014",1,-0.810178514888748
"26",565,879,"spoli_c_014",2,0.697733131735523
"27",574,549,"spoli_c_014",3,-0.748810017642412
"28",580,831,"spoli_c_014",4,0.487326855462369
"29",592,736,"spoli_c_014",5,0.0708977670050845
"30",613,722,"spoli_c_014",6,0.00952926975874788
"31",625,741,"spoli_c_014",7,0.0928150874502047
"32",637,586,"spoli_c_014",8,-0.586621846348522
"33",649,859,"spoli_c_014",9,0.610063849955042
"34",658,NA,"spoli_c_014",10,NA
"35",664,823,"spoli_c_014",11,0.452259142750176
"36",679,856,"spoli_c_014",12,0.59691345768797
"37",688,837,"spoli_c_014",13,0.513627639996513
"38",706,1020,"spoli_c_014",14,1.31580156828791
"39",715,644,"spoli_c_014",15,-0.332380929185128
"40",727,627,"spoli_c_014",16,-0.406899818698536
"41",748,845,"spoli_c_014",17,0.548695352708705
"42",754,743,"spoli_c_014",18,0.101582015628253
"43",769,816,"spoli_c_014",19,0.421574894127008
"44",787,1015,"spoli_c_014",20,1.29388424784279
"45",796,751,"spoli_c_014",21,0.136649728340445
"46",805,706,"spoli_c_014",22,-0.0606061556656368
"47",820,564,"spoli_c_014",23,-0.683058056307051
"48",826,-129,"spoli_c_014",24,-3.72079867000071
"49",1087,544,"spoli_c_049",1,0.876241911918177
"50",1093,-135,"spoli_c_049",2,-3.0145586866155
"51",1105,785,"spoli_c_049",3,2.25721826574236
"52",1117,547,"spoli_c_049",4,0.893432488936735
"53",1129,349,"spoli_c_049",5,-0.241145594288109
"54",1144,304,"spoli_c_049",6,-0.499004249566482
"55",1156,440,"spoli_c_049",7,0.280301908608158
"56",1162,355,"spoli_c_049",8,-0.206764440250992
"57",1180,360,"spoli_c_049",9,-0.178113478553395
"58",1186,390,"spoli_c_049",10,-0.00620770836781259
"59",1201,343,"spoli_c_049",11,-0.275526748325225
"60",1216,488,"spoli_c_049",12,0.55535114090509
"61",1228,572,"spoli_c_049",13,1.03668729742472
"62",1237,676,"spoli_c_049",14,1.63262730073474
"63",1243,376,"spoli_c_049",15,-0.0864304011210844
"64",1255,397,"spoli_c_049",16,0.0339036380088233
"65",1270,365,"spoli_c_049",17,-0.149462516855798
"66",1279,345,"spoli_c_049",18,-0.264066363646186
"67",1294,251,"spoli_c_049",19,-0.802704443561011
"68",1306,393,"spoli_c_049",20,0.0109828686507456
"69",1318,359,"spoli_c_049",21,-0.183843670892914
"70",1324,243,"spoli_c_049",22,-0.848545982277166
"71",1345,432,"spoli_c_049",23,0.234460369892003
"72",1357,207,"spoli_c_049",24,-1.05483290649986
"73",1611,407,"spoli_c_054",1,-0.8883353644679
"74",1629,525,"spoli_c_054",2,1.30500879610149
"75",1638,567,"spoli_c_054",3,2.08569061596517
"76",1644,374,"spoli_c_054",4,-1.50172822293222
"77",1656,349,"spoli_c_054",5,-1.96641978237489
"78",1677,447,"spoli_c_054",6,-0.144828869359632
"79",1689,455,"spoli_c_054",7,0.00387242966202188
"80",1701,513,"spoli_c_054",8,1.08195684756901
"81",1713,411,"spoli_c_054",9,-0.813984714957073
"82",1722,522,"spoli_c_054",10,1.24924580896837
"83",1728,404,"spoli_c_054",11,-0.94409835160102
"84",1743,440,"spoli_c_054",12,-0.274942506003579
"85",1752,465,"spoli_c_054",13,0.189749053439089
"86",1770,476,"spoli_c_054",14,0.394213339593863
"87",1779,385,"spoli_c_054",15,-1.29726393677745
"88",1791,465,"spoli_c_054",16,0.189749053439089
"89",1812,450,"spoli_c_054",17,-0.0890658822265117
"90",1818,430,"spoli_c_054",18,-0.460819129780646
"91",1833,549,"spoli_c_054",19,1.75111269316645
"92",1851,426,"spoli_c_054",20,-0.535169779291473
"93",1860,458,"spoli_c_054",21,0.059635416795142
"94",1869,474,"spoli_c_054",22,0.357038014838449
"95",1884,465,"spoli_c_054",23,0.189749053439089
"96",1890,458,"spoli_c_054",24,0.059635416795142
"97",2143,-961,"spoli_c_071",1,-0.979667011784149
"98",2161,-807,"spoli_c_071",2,0.332234899648537
"99",2170,-903,"spoli_c_071",3,-0.485574084101709
"100",2176,-925,"spoli_c_071",4,-0.672988642877807
"101",2188,-614,"spoli_c_071",5,1.97637171072976
"102",2209,-809,"spoli_c_071",6,0.315197212487074
"103",2221,NA,"spoli_c_071",7,NA
"104",2233,NA,"spoli_c_071",8,NA
"105",2245,NA,"spoli_c_071",9,NA
"106",2254,NA,"spoli_c_071",10,NA
"107",2260,NA,"spoli_c_071",11,NA
"108",2275,NA,"spoli_c_071",12,NA
"109",2284,NA,"spoli_c_071",13,NA
"110",2302,NA,"spoli_c_071",14,NA
"111",2311,-903,"spoli_c_071",15,-0.485574084101709
"112",2323,NA,"spoli_c_071",16,NA
"113",2344,NA,"spoli_c_071",17,NA
"114",2350,NA,"spoli_c_071",18,NA
"115",2365,NA,"spoli_c_071",19,NA
"116",2383,NA,"spoli_c_071",20,NA
"117",2392,NA,"spoli_c_071",21,NA
"118",2401,NA,"spoli_c_071",22,NA
"119",2416,NA,"spoli_c_071",23,NA
"120",2422,NA,"spoli_c_071",24,NA
"121",2675,406,"spoli_c_076",1,-0.0521505069406858
"122",2693,359,"spoli_c_076",2,-0.262995567260018
"123",2702,450,"spoli_c_076",3,0.145236358039114
"124",2708,456,"spoli_c_076",4,0.172152748718178
"125",2720,553,"spoli_c_076",5,0.607301064696374
"126",2741,425,"spoli_c_076",6,0.0330847302096824
"127",2753,458,"spoli_c_076",7,0.181124878944533
"128",2765,431,"spoli_c_076",8,0.0600011208887461
"129",2777,-604,"spoli_c_076",9,-4.58307627124974
"130",2786,446,"spoli_c_076",10,0.127292097586405
"131",2792,419,"spoli_c_076",11,0.00616833953061876
"132",2807,486,"spoli_c_076",12,0.306734702113496
"133",2816,416,"spoli_c_076",13,-0.00728985580891308
"134",2834,467,"spoli_c_076",14,0.221499464963128
"135",2843,444,"spoli_c_076",15,0.118319967360051
"136",2855,502,"spoli_c_076",16,0.378511743924333
"137",2876,495,"spoli_c_076",17,0.347109288132092
"138",2882,481,"spoli_c_076",18,0.28430437654761
"139",2897,464,"spoli_c_076",19,0.208041269623596
"140",2915,443,"spoli_c_076",20,0.113833902246873
"141",2924,555,"spoli_c_076",21,0.616273194922728
"142",2933,563,"spoli_c_076",22,0.652161715828147
"143",2948,483,"spoli_c_076",23,0.293276506773964
"144",2954,425,"spoli_c_076",24,0.0330847302096824
"145",3214,496,"spoli_c_078",1,-0.0299224841753036
"146",3220,585,"spoli_c_078",2,1.07205038131518
"147",3232,456,"spoli_c_078",3,-0.525191187766532
"148",3244,593,"spoli_c_078",4,1.17110412203343
"149",3256,427,"spoli_c_078",5,-0.884260997870173
"150",3271,581,"spoli_c_078",6,1.02252351095606
"151",3283,485,"spoli_c_078",7,-0.166121377662892
"152",3289,465,"spoli_c_078",8,-0.413755729458506
"153",3307,543,"spoli_c_078",9,0.55201824254439
"154",3313,529,"spoli_c_078",10,0.37867419628746
"155",3328,525,"spoli_c_078",11,0.329147325928337
"156",3343,496,"spoli_c_078",12,-0.0299224841753036
"157",3355,579,"spoli_c_078",13,0.997760075776496
"158",3364,516,"spoli_c_078",14,0.217711867620311
"159",3370,328,"spoli_c_078",15,-2.11005103925846
"160",3382,396,"spoli_c_078",16,-1.26809424315338
"161",3397,493,"spoli_c_078",17,-0.0670676369446458
"162",3406,462,"spoli_c_078",18,-0.450900882227848
"163",3421,514,"spoli_c_078",19,0.192948432440749
"164",3433,444,"spoli_c_078",20,-0.673771798843901
"165",3445,513,"spoli_c_078",21,0.180566714850969
"166",3451,649,"spoli_c_078",22,1.86448030706115
"167",3472,311,"spoli_c_078",23,-2.32054023828474
"168",3484,576,"spoli_c_078",24,0.960614923007154
"169",3739,466,"spoli_c_088",1,-1.60915141903432
"170",3757,770,"spoli_c_088",2,0.98160560804838
"171",3766,705,"spoli_c_088",3,0.427660848968197
"172",3772,659,"spoli_c_088",4,0.0356384040806827
"173",3784,671,"spoli_c_088",5,0.137905128833947
"174",3805,505,"spoli_c_088",6,-1.27678456358621
"175",3817,689,"spoli_c_088",7,0.291305215963844
"176",3829,561,"spoli_c_088",8,-0.799539848070978
"177",3841,584,"spoli_c_088",9,-0.603528625627221
"178",3850,701,"spoli_c_088",10,0.393571940717109
"179",3856,547,"spoli_c_088",11,-0.918851026949787
"180",3871,505,"spoli_c_088",12,-1.27678456358621
"181",3880,643,"spoli_c_088",13,-0.10071722892367
"182",3898,719,"spoli_c_088",14,0.546972027847006
"183",3907,595,"spoli_c_088",15,-0.509784127936729
"184",3919,NA,"spoli_c_088",16,NA
"185",3940,611,"spoli_c_088",17,-0.373428494932376
"186",3946,775,"spoli_c_088",18,1.02421674336224
"187",3961,657,"spoli_c_088",19,0.0185939499551386
"188",3979,NA,"spoli_c_088",20,NA
"189",3988,735,"spoli_c_088",21,0.683327660851358
"190",3997,721,"spoli_c_088",22,0.56401648197255
"191",4012,581,"spoli_c_088",23,-0.629095306815537
"192",4018,1006,"spoli_c_088",24,2.99285119486258
"193",4279,595,"spoli_c_090",1,1.11180965372557
"194",4285,382,"spoli_c_090",2,-0.171110818413809
"195",4297,295,"spoli_c_090",3,-0.695120588724258
"196",4309,283,"spoli_c_090",4,-0.767397798422251
"197",4321,243,"spoli_c_090",5,-1.00832183074889
"198",4336,446,"spoli_c_090",6,0.21436763330882
"199",4348,232,"spoli_c_090",7,-1.07457593963872
"200",4354,466,"spoli_c_090",8,0.334829649472141
"201",4372,318,"spoli_c_090",9,-0.556589270136438
"202",4378,562,"spoli_c_090",10,0.913047327056085
"203",4393,257,"spoli_c_090",11,-0.923998419434569
"204",4408,833,"spoli_c_090",12,2.54530764606909
"205",4420,415,"spoli_c_090",13,0.0276515082556714
"206",4429,484,"spoli_c_090",14,0.443245464019131
"207",4435,NA,"spoli_c_090",15,NA
"208",4447,358,"spoli_c_090",16,-0.315665237809795
"209",4462,656,"spoli_c_090",17,1.4792188030237
"210",4471,183,"spoli_c_090",18,-1.36970787923886
"211",4486,347,"spoli_c_090",19,-0.381919346699622
"212",4498,298,"spoli_c_090",20,-0.67705128629976
"213",4510,NA,"spoli_c_090",21,NA
"214",4516,601,"spoli_c_090",22,1.14794825857456
"215",4537,242,"spoli_c_090",23,-1.01434493155706
"216",4549,533,"spoli_c_090",24,0.738377403619269
"217",4811,-806,"spoli_c_093",1,-2.24868024770898
"218",4817,540,"spoli_c_093",2,0.392640252692241
"219",4829,521,"spoli_c_093",3,0.355355639387915
"220",4841,1827,"spoli_c_093",4,2.91818221704318
"221",4853,-627,"spoli_c_093",5,-1.89741994342085
"222",4868,521,"spoli_c_093",6,0.355355639387915
"223",4880,409,"spoli_c_093",7,0.135572655699255
"224",4886,599,"spoli_c_093",8,0.508418788742517
"225",4904,355,"spoli_c_093",9,0.0296058599922224
"226",4910,337,"spoli_c_093",10,-0.00571640524345506
"227",4925,365,"spoli_c_093",11,0.0492293406787099
"228",4940,481,"spoli_c_093",12,0.276861716641965
"229",4952,615,"spoli_c_093",13,0.539816357840897
"230",4961,NA,"spoli_c_093",14,NA
"231",4967,318,"spoli_c_093",15,-0.0430010185477813
"232",4979,-335,"spoli_c_093",16,-1.32441430737541
"233",4994,380,"spoli_c_093",17,0.0786645617084412
"234",5003,387,"spoli_c_093",18,0.0924009981889824
"235",5018,234,"spoli_c_093",19,-0.207838256314276
"236",5030,410,"spoli_c_093",20,0.137535003767904
"237",5042,-279,"spoli_c_093",21,-1.21452281553108
"238",5048,533,"spoli_c_093",22,0.3789038162117
"239",5069,414,"spoli_c_093",23,0.145384396042499
"240",5081,619,"spoli_c_093",24,0.547665750115492
"241",5343,NA,"spoli_c_097",1,NA
"242",5349,1106,"spoli_c_097",2,2.99637393447636
"243",5361,698,"spoli_c_097",3,1.25812139978755
"244",5373,470,"spoli_c_097",4,0.286744983343806
"245",5385,488,"spoli_c_097",5,0.363432595168312
"246",5400,784,"spoli_c_097",6,1.62451776739352
"247",5412,425,"spoli_c_097",7,0.0950259537825402
"248",5418,463,"spoli_c_097",8,0.256922023189831
"249",5436,229,"spoli_c_097",9,-0.74001693052875
"250",5442,334,"spoli_c_097",10,-0.29267252821913
"251",5457,227,"spoli_c_097",11,-0.748537776287028
"252",5472,301,"spoli_c_097",12,-0.433266483230725
"253",5484,243,"spoli_c_097",13,-0.6803710102208
"254",5493,298,"spoli_c_097",14,-0.446047751868142
"255",5499,328,"spoli_c_097",15,-0.318235065493965
"256",5511,340,"spoli_c_097",16,-0.267109990944295
"257",5526,333,"spoli_c_097",17,-0.296932951098269
"258",5535,469,"spoli_c_097",18,0.282484560464666
"259",5550,326,"spoli_c_097",19,-0.326755911252244
"260",5562,-159,"spoli_c_097",20,-2.39306100763477
"261",5574,345,"spoli_c_097",21,-0.245807876548598
"262",5580,497,"spoli_c_097",22,0.401776401080565
"263",5601,362,"spoli_c_097",23,-0.173380687603231
"264",5613,355,"spoli_c_097",24,-0.203203647757206
"265",5873,668,"spoli_c_125",1,-0.658171186916198
"266",5879,NA,"spoli_c_125",2,NA
"267",5891,670,"spoli_c_125",3,-0.642087260805062
"268",5903,659,"spoli_c_125",4,-0.730548854416307
"269",5915,753,"spoli_c_125",5,0.0253956728070557
"270",5930,700,"spoli_c_125",6,-0.400828369138032
"271",5942,787,"spoli_c_125",7,0.298822416696357
"272",5948,727,"spoli_c_125",8,-0.183695366637704
"273",5966,737,"spoli_c_125",9,-0.103275736082027
"274",5972,819,"spoli_c_125",10,0.556165234474523
"275",5987,700,"spoli_c_125",11,-0.400828369138032
"276",6002,839,"spoli_c_125",12,0.717004495585877
"277",6014,699,"spoli_c_125",13,-0.408870332193599
"278",6023,NA,"spoli_c_125",14,NA
"279",6029,NA,"spoli_c_125",15,NA
"280",6041,NA,"spoli_c_125",16,NA
"281",6056,728,"spoli_c_125",17,-0.175653403582137
"282",6065,1020,"spoli_c_125",18,2.17259980864363
"283",6080,678,"spoli_c_125",19,-0.577751556360521
"284",6092,643,"spoli_c_125",20,-0.85922026330539
"285",6104,631,"spoli_c_125",21,-0.955723819972202
"286",6110,NA,"spoli_c_125",22,NA
"287",6131,684,"spoli_c_125",23,-0.529499778027115
"288",6143,1105,"spoli_c_125",24,2.85616666836688
"289",6399,518,"spoli_c_126",1,-0.880594278393034
"290",6417,607,"spoli_c_126",2,-0.361119786211322
"291",6426,667,"spoli_c_126",3,-0.0109122633921901
"292",6432,870,"spoli_c_126",4,1.17395652214587
"293",6444,325,"spoli_c_126",5,-2.00709514346124
"294",6465,661,"spoli_c_126",6,-0.0459330156741032
"295",6477,837,"spoli_c_126",7,0.98134238459535
"296",6489,569,"spoli_c_126",8,-0.582917883996772
"297",6501,650,"spoli_c_126",9,-0.110137728190944
"298",6510,704,"spoli_c_126",10,0.205049042346275
"299",6516,743,"spoli_c_126",11,0.43268393217871
"300",6531,524,"spoli_c_126",12,-0.845573526111121
"301",6540,628,"spoli_c_126",13,-0.238547153224626
"302",6558,1256,"spoli_c_126",14,3.42695825228229
"303",6567,641,"spoli_c_126",15,-0.162668856613814
"304",6579,653,"spoli_c_126",16,-0.0926273520499875
"305",6600,596,"spoli_c_126",17,-0.425324498728163
"306",6606,720,"spoli_c_126",18,0.298437715098043
"307",6621,570,"spoli_c_126",19,-0.577081091949787
"308",6639,584,"spoli_c_126",20,-0.495366003291989
"309",6648,698,"spoli_c_126",21,0.170028290064361
"310",6657,783,"spoli_c_126",22,0.666155614058132
"311",6672,580,"spoli_c_126",23,-0.518713171479931
"312",6678,NA,"spoli_c_126",24,NA
"313",6931,420,"spoli_c_342",1,-0.351948069216119
"314",6949,338,"spoli_c_342",2,-1.14879567850976
"315",6958,419,"spoli_c_342",3,-0.361665722987992
"316",6964,NA,"spoli_c_342",4,NA
"317",6976,431,"spoli_c_342",5,-0.245053877725509
"318",6997,706,"spoli_c_342",6,2.42730090953974
"319",7009,489,"spoli_c_342",7,0.318570041043162
"320",7021,529,"spoli_c_342",8,0.707276191918107
"321",7033,558,"spoli_c_342",9,0.989088151302442
"322",7042,746,"spoli_c_342",10,2.81600706041468
"323",7048,506,"spoli_c_342",11,0.483770155165013
"324",7063,401,"spoli_c_342",12,-0.536583490881718
"325",7072,485,"spoli_c_342",13,0.279699425955667
"326",7090,378,"spoli_c_342",14,-0.760089527634811
"327",7099,383,"spoli_c_342",15,-0.711501258775443
"328",7111,372,"spoli_c_342",16,-0.818395450266053
"329",7132,359,"spoli_c_342",17,-0.94472494930041
"330",7138,502,"spoli_c_342",18,0.444899540077519
"331",7153,385,"spoli_c_342",19,-0.692065951231696
"332",7171,383,"spoli_c_342",20,-0.711501258775443
"333",7180,458,"spoli_c_342",21,0.0173227741150792
"334",7189,397,"spoli_c_342",22,-0.575454105969212
"335",7204,418,"spoli_c_342",23,-0.371383376759866
"336",7210,430,"spoli_c_342",24,-0.254771531497382
"337",7463,674,"spoli_c_379",1,0.203152717066299
"338",7481,489,"spoli_c_379",2,-0.0864442640256427
"339",7490,NA,"spoli_c_379",3,NA
"340",7496,715,"spoli_c_379",4,0.267333669632622
"341",7508,723,"spoli_c_379",5,0.27985678232849
"342",7529,841,"spoli_c_379",6,0.464572694592539
"343",7541,944,"spoli_c_379",7,0.625807770551837
"344",7553,740,"spoli_c_379",8,0.306468396807209
"345",7565,774,"spoli_c_379",9,0.359691625764647
"346",7574,NA,"spoli_c_379",10,NA
"347",7580,NA,"spoli_c_379",11,NA
"348",7595,-674,"spoli_c_379",12,-1.90699177218742
"349",7604,751,"spoli_c_379",13,0.323687676764027
"350",7622,NA,"spoli_c_379",14,NA
"351",7631,1732,"spoli_c_379",15,1.85933437109481
"352",7643,NA,"spoli_c_379",16,NA
"353",7664,807,"spoli_c_379",17,0.411349465635101
"354",7670,744,"spoli_c_379",18,0.312729953155142
"355",7685,717,"spoli_c_379",19,0.270464447806589
"356",7703,NA,"spoli_c_379",20,NA
"357",7712,623,"spoli_c_379",21,0.123317873630142
"358",7721,717,"spoli_c_379",22,0.270464447806589
"359",7736,-774,"spoli_c_379",23,-2.06353068088577
"360",7742,-747,"spoli_c_379",24,-2.02126517553721
"361",8002,537,"spoli_c_391",1,1.03871407985654
"362",8008,491,"spoli_c_391",2,0.523430428476725
"363",8020,491,"spoli_c_391",3,0.523430428476725
"364",8032,606,"spoli_c_391",4,1.81163955692625
"365",8044,501,"spoli_c_391",5,0.635448613559292
"366",8059,389,"spoli_c_391",6,-0.619155059365464
"367",8071,474,"spoli_c_391",7,0.33299951383636
"368",8077,352,"spoli_c_391",8,-1.03362234417096
"369",8095,416,"spoli_c_391",9,-0.316705959642532
"370",8101,378,"spoli_c_391",10,-0.742375062956288
"371",8116,372,"spoli_c_391",11,-0.809585974005829
"372",8131,NA,"spoli_c_391",12,NA
"373",8143,NA,"spoli_c_391",13,NA
"374",8152,491,"spoli_c_391",14,0.523430428476725
"375",8158,547,"spoli_c_391",15,1.1507322649391
"376",8170,479,"spoli_c_391",16,0.389008606377644
"377",8185,393,"spoli_c_391",17,-0.574347785332437
"378",8194,325,"spoli_c_391",18,-1.3360714438939
"379",8209,534,"spoli_c_391",19,1.00510862433177
"380",8221,484,"spoli_c_391",20,0.445017698918928
"381",8233,505,"spoli_c_391",21,0.68025588759232
"382",8239,459,"spoli_c_391",22,0.164972236212509
"383",8260,291,"spoli_c_391",23,-1.71693327317463
"384",8272,259,"spoli_c_391",24,-2.07539146543884
"385",8533,652,"spoli_c_396",1,-0.0201063054386405
"386",8539,636,"spoli_c_396",2,-0.220082532504042
"387",8551,520,"spoli_c_396",3,-1.66991017872821
"388",8563,617,"spoli_c_396",4,-0.457554302144207
"389",8575,780,"spoli_c_396",5,1.57970351108458
"390",8590,624,"spoli_c_396",6,-0.370064702803094
"391",8602,708,"spoli_c_396",7,0.679810489290266
"392",8608,629,"spoli_c_396",8,-0.307572131845156
"393",8626,697,"spoli_c_396",9,0.542326833182803
"394",8632,711,"spoli_c_396",10,0.717306031865029
"395",8647,693,"spoli_c_396",11,0.492332776416452
"396",8662,736,"spoli_c_396",12,1.02976888665472
"397",8674,529,"spoli_c_396",13,-1.55742355100392
"398",8683,580,"spoli_c_396",14,-0.919999327232949
"399",8689,NA,"spoli_c_396",15,NA
"400",8701,592,"spoli_c_396",16,-0.770017156933898
"401",8716,573,"spoli_c_396",17,-1.00748892657406
"402",8725,801,"spoli_c_396",18,1.84217230910792
"403",8740,766,"spoli_c_396",19,1.40472431240235
"404",8752,600,"spoli_c_396",20,-0.670029043401197
"405",8764,578,"spoli_c_396",21,-0.944996355616125
"406",8770,613,"spoli_c_396",22,-0.507548358910558
"407",8791,760,"spoli_c_396",23,1.32973322725282
"408",8803,638,"spoli_c_396",24,-0.195085504120867
"409",9066,663,"spoli_c_409",1,-0.28632617017007
"410",9072,647,"spoli_c_409",2,-0.354150404288418
"411",9084,635,"spoli_c_409",3,-0.405018579877178
"412",9096,449,"spoli_c_409",4,-1.19347530150297
"413",9108,611,"spoli_c_409",5,-0.5067549310547
"414",9123,614,"spoli_c_409",6,-0.49403788715751
"415",9135,764,"spoli_c_409",7,0.141814307702
"416",9141,848,"spoli_c_409",8,0.497891536823325
"417",9159,575,"spoli_c_409",9,-0.659359457820982
"418",9165,NA,"spoli_c_409",10,NA
"419",9180,660,"spoli_c_409",11,-0.29904321406726
"420",9195,825,"spoli_c_409",12,0.4003942002782
"421",9207,1425,"spoli_c_409",13,2.94380297971624
"422",9216,811,"spoli_c_409",14,0.341047995424646
"423",9222,754,"spoli_c_409",15,0.0994241613780326
"424",9234,1312,"spoli_c_409",16,2.46479432625541
"425",9249,689,"spoli_c_409",17,-0.176111789727755
"426",9258,623,"spoli_c_409",18,-0.455886755465939
"427",9273,587,"spoli_c_409",19,-0.608491282232221
"428",9285,775,"spoli_c_409",20,0.188443468658364
"429",9297,NA,"spoli_c_409",21,NA
"430",9303,746,"spoli_c_409",22,0.0655120443188587
"431",9324,677,"spoli_c_409",23,-0.226979965316516
"432",9336,382,"spoli_c_409",24,-1.47748928187355
"433",9591,441,"spoli_c_419",1,-0.348746168686972
"434",9609,457,"spoli_c_419",2,-0.277889804255333
"435",9618,648,"spoli_c_419",3,0.567958046147354
"436",9624,516,"spoli_c_419",4,-0.0166069604136653
"437",9636,454,"spoli_c_419",5,-0.291175372586265
"438",9657,-437,"spoli_c_419",6,-4.23698916687314
"439",9669,610,"spoli_c_419",7,0.399674180622212
"440",9681,621,"spoli_c_419",8,0.448387931168964
"441",9693,547,"spoli_c_419",9,0.120677245672635
"442",9702,558,"spoli_c_419",10,0.169390996219386
"443",9708,492,"spoli_c_419",11,-0.122891507061123
"444",9723,502,"spoli_c_419",12,-0.0786062792913492
"445",9732,559,"spoli_c_419",13,0.173819518996364
"446",9750,563,"spoli_c_419",14,0.191533610104273
"447",9759,522,"spoli_c_419",15,0.00996417624819919
"448",9771,541,"spoli_c_419",16,0.0941061090107701
"449",9792,465,"spoli_c_419",17,-0.242461622039514
"450",9798,706,"spoli_c_419",18,0.824812367212044
"451",9813,502,"spoli_c_419",19,-0.0786062792913492
"452",9831,453,"spoli_c_419",20,-0.295603895363243
"453",9840,656,"spoli_c_419",21,0.603386228363173
"454",9849,669,"spoli_c_419",22,0.66095702446388
"455",9864,570,"spoli_c_419",23,0.222533269543115
"456",9870,859,"spoli_c_419",24,1.50237635208959
"457",10130,NA,"spoli_c_426",1,NA
"458",10136,679,"spoli_c_426",2,0.818253716763165
"459",10148,610,"spoli_c_426",3,0.637376579373413
"460",10160,629,"spoli_c_426",4,0.687183327350301
"461",10172,482,"spoli_c_426",5,0.301836382476481
"462",10187,-252,"spoli_c_426",6,-1.62227693410436
"463",10199,-333,"spoli_c_426",7,-1.8346109649532
"464",10205,232,"spoli_c_426",8,-0.353515564587839
"465",10223,-503,"spoli_c_426",9,-2.28025028895694
"466",10229,546,"spoli_c_426",10,0.469606480924947
"467",10244,159,"spoli_c_426",11,-0.54487833313062
"468",10259,299,"spoli_c_426",12,-0.177881242774601
"469",10271,406,"spoli_c_426",13,0.102609390568928
"470",10280,280,"spoli_c_426",14,-0.227687990751489
"471",10286,304,"spoli_c_426",15,-0.164774203833315
"472",10298,315,"spoli_c_426",16,-0.135938718162485
"473",10313,441,"spoli_c_426",17,0.194358663157933
"474",10322,NA,"spoli_c_426",18,NA
"475",10337,263,"spoli_c_426",19,-0.272251923151863
"476",10349,763,"spoli_c_426",20,1.03845197097678
"477",10361,1056,"spoli_c_426",21,1.80652445293616
"478",10367,NA,"spoli_c_426",22,NA
"479",10388,892,"spoli_c_426",23,1.37661357566197
"480",10400,436,"spoli_c_426",24,0.181251624216646
"481",10655,544,"spoli_c_439",1,0.17616873815249
"482",10673,572,"spoli_c_439",2,0.210246283356426
"483",10682,759,"spoli_c_439",3,0.437835603111284
"484",10688,1561,"spoli_c_439",4,1.41391386216688
"485",10700,NA,"spoli_c_439",5,NA
"486",10721,NA,"spoli_c_439",6,NA
"487",10733,NA,"spoli_c_439",7,NA
"488",10745,636,"spoli_c_439",8,0.288137815251137
"489",10757,773,"spoli_c_439",9,0.454874375713252
"490",10766,-835,"spoli_c_439",10,-1.50215036314135
"491",10772,NA,"spoli_c_439",11,NA
"492",10787,NA,"spoli_c_439",12,NA
"493",10796,NA,"spoli_c_439",13,NA
"494",10814,NA,"spoli_c_439",14,NA
"495",10823,NA,"spoli_c_439",15,NA
"496",10835,NA,"spoli_c_439",16,NA
"497",10856,NA,"spoli_c_439",17,NA
"498",10862,NA,"spoli_c_439",18,NA
"499",10877,NA,"spoli_c_439",19,NA
"500",10895,NA,"spoli_c_439",20,NA
"501",10904,-816,"spoli_c_439",21,-1.47902631461011
"502",10913,NA,"spoli_c_439",22,NA
"503",10928,NA,"spoli_c_439",23,NA
"504",10934,NA,"spoli_c_439",24,NA
"505",11187,587,"spoli_c_444",1,-0.0336210228138722
"506",11205,665,"spoli_c_444",2,0.118308737710276
"507",11214,680,"spoli_c_444",3,0.147525999349535
"508",11220,844,"spoli_c_444",4,0.46696805993877
"509",11232,620,"spoli_c_444",5,0.0306569527924982
"510",11253,-970,"spoli_c_444",6,-3.06637278096898
"511",11265,756,"spoli_c_444",7,0.295560124988449
"512",11277,601,"spoli_c_444",8,-0.00635157861723025
"513",11289,668,"spoli_c_444",9,0.124152190038128
"514",11298,1695,"spoli_c_444",10,2.12456070360608
"515",11304,752,"spoli_c_444",11,0.28776885521798
"516",11319,543,"spoli_c_444",12,-0.119324990289033
"517",11328,521,"spoli_c_444",13,-0.162176974026613
"518",11346,665,"spoli_c_444",14,0.118308737710276
"519",11355,716,"spoli_c_444",15,0.217647427283757
"520",11367,-691,"spoli_c_444",16,-2.52293171447876
"521",11388,674,"spoli_c_444",17,0.135839094693831
"522",11394,1062,"spoli_c_444",18,0.891592262429338
"523",11409,700,"spoli_c_444",19,0.186482348201881
"524",11427,609,"spoli_c_444",20,0.00923096092370803
"525",11436,810,"spoli_c_444",21,0.400742266889782
"526",11445,812,"spoli_c_444",22,0.404637901775017
"527",11460,579,"spoli_c_444",23,-0.0492035623548105
"528",11466,NA,"spoli_c_444",24,NA
"529",11725,604,"spoli_c_447",1,-0.139106277193264
"530",11731,717,"spoli_c_447",2,0.212673672316675
"531",11743,673,"spoli_c_447",3,0.0756974087906808
"532",11755,-492,"spoli_c_447",4,-3.55106047774984
"533",11767,531,"spoli_c_447",5,-0.366362350770482
"534",11782,704,"spoli_c_447",6,0.17220341263854
"535",11794,NA,"spoli_c_447",7,NA
"536",11800,NA,"spoli_c_447",8,NA
"537",11818,683,"spoli_c_447",9,0.106828377773861
"538",11824,626,"spoli_c_447",10,-0.0706181454302674
"539",11839,773,"spoli_c_447",11,0.387007098622485
"540",11854,841,"spoli_c_447",12,0.598697687708113
"541",11866,791,"spoli_c_447",13,0.44304284279221
"542",11875,743,"spoli_c_447",14,0.293614191672944
"543",11881,NA,"spoli_c_447",15,NA
"544",11893,NA,"spoli_c_447",16,NA
"545",11908,1127,"spoli_c_447",17,1.48904340062707
"546",11917,546,"spoli_c_447",18,-0.319665897295711
"547",11932,639,"spoli_c_447",19,-0.0301478857521328
"548",11944,NA,"spoli_c_447",20,NA
"549",11956,463,"spoli_c_447",21,-0.578052939856109
"550",11962,612,"spoli_c_447",22,-0.11420150200672
"551",11983,680,"spoli_c_447",23,0.0974890870789071
"552",11995,1064,"spoli_c_447",24,1.29291829603304
"553",12259,671,"spoli_c_448",1,0.749433976610026
"554",12265,763,"spoli_c_448",2,1.09467708538427
"555",12277,490,"spoli_c_448",3,0.0702056865215734
"556",12289,489,"spoli_c_448",4,0.0664530440348969
"557",12301,719,"spoli_c_448",5,0.9295608159705
"558",12316,617,"spoli_c_448",6,0.546791282329493
"559",12328,688,"spoli_c_448",7,0.813228898883527
"560",12334,547,"spoli_c_448",8,0.284106308262136
"561",12352,525,"spoli_c_448",9,0.201548173555252
"562",12358,721,"spoli_c_448",10,0.937066100943853
"563",12373,481,"spoli_c_448",11,0.0364319041414846
"564",12388,266,"spoli_c_448",12,-0.77038623049397
"565",12400,449,"spoli_c_448",13,-0.0836526554321645
"566",12409,421,"spoli_c_448",14,-0.188726645059107
"567",12415,402,"spoli_c_448",15,-0.260026852305962
"568",12427,217,"spoli_c_448",16,-0.95426571234112
"569",12442,-396,"spoli_c_448",17,-3.25463555667384
"570",12451,189,"spoli_c_448",18,-1.05933970196806
"571",12466,309,"spoli_c_448",19,-0.609022603566879
"572",12478,565,"spoli_c_448",20,0.351653873022313
"573",12490,346,"spoli_c_448",21,-0.470174831559847
"574",12496,1020,"spoli_c_448",22,2.05910620446014
"575",12517,411,"spoli_c_448",23,-0.226253069925873
"576",12529,401,"spoli_c_448",24,-0.263779494792638
"577",12783,498,"spoli_c_450",1,-1.25164978412373
"578",12801,472,"spoli_c_450",2,-1.59360664283354
"579",12810,610,"spoli_c_450",3,0.221395145703148
"580",12816,574,"spoli_c_450",4,-0.252083581741207
"581",12828,518,"spoli_c_450",5,-0.988606046654646
"582",12849,600,"spoli_c_450",6,0.0898732769686047
"583",12861,593,"spoli_c_450",7,-0.00219203114557521
"584",12873,647,"spoli_c_450",8,0.708026060020956
"585",12885,568,"spoli_c_450",9,-0.330996702981932
"586",12894,700,"spoli_c_450",10,1.40509196431403
"587",12900,555,"spoli_c_450",11,-0.501975132336838
"588",12915,653,"spoli_c_450",12,0.786939181261682
"589",12924,530,"spoli_c_450",13,-0.830779804173195
"590",12942,673,"spoli_c_450",14,1.04998291873077
"591",12951,650,"spoli_c_450",15,0.747482620641319
"592",12963,588,"spoli_c_450",16,-0.0679529655128466
"593",12984,561,"spoli_c_450",17,-0.423062011096112
"594",12990,720,"spoli_c_450",18,1.66813570178312
"595",13005,776,"spoli_c_450",19,2.40465816669656
"596",13023,598,"spoli_c_450",20,0.0635689032216962
"597",13032,529,"spoli_c_450",21,-0.843931991046649
"598",13041,536,"spoli_c_450",22,-0.751866682932469
"599",13056,487,"spoli_c_450",23,-1.39632383973173
"600",13062,600,"spoli_c_450",24,0.0898732769686047
"601",13321,NA,"spoli_c_452",1,NA
"602",13327,723,"spoli_c_452",2,0.437819784369021
"603",13339,547,"spoli_c_452",3,-0.0760444790674291
"604",13351,735,"spoli_c_452",4,0.472855984148779
"605",13363,870,"spoli_c_452",5,0.867013231671057
"606",13378,627,"spoli_c_452",6,0.157530186130957
"607",13390,622,"spoli_c_452",7,0.142931769556058
"608",13396,539,"spoli_c_452",8,-0.0994019455872678
"609",13414,668,"spoli_c_452",9,0.277237202045131
"610",13420,614,"spoli_c_452",10,0.11957430303622
"611",13435,638,"spoli_c_452",11,0.189646702595736
"612",13450,579,"spoli_c_452",12,0.0173853870119255
"613",13462,646,"spoli_c_452",13,0.213004169115574
"614",13471,680,"spoli_c_452",14,0.312273401824889
"615",13477,555,"spoli_c_452",15,-0.0526870125475905
"616",13489,599,"spoli_c_452",16,0.0757790533115221
"617",13504,655,"spoli_c_452",17,0.239281318950393
"618",13513,591,"spoli_c_452",18,0.0524215867916835
"619",13528,683,"spoli_c_452",19,0.321032451769828
"620",13540,643,"spoli_c_452",20,0.204245119170635
"621",13552,-926,"spoli_c_452",21,-4.37673800203272
"622",13558,642,"spoli_c_452",22,0.201325435855655
"623",13579,677,"spoli_c_452",23,0.303514351879949
"624",13591,NA,"spoli_c_452",24,NA
"625",13847,NA,"spoli_c_477",1,NA
"626",13865,406,"spoli_c_477",2,-2.14442090269078
"627",13874,809,"spoli_c_477",3,2.56903353103956
"628",13880,578,"spoli_c_477",4,-0.132723228741354
"629",13892,509,"spoli_c_477",5,-0.939741481662925
"630",13913,679,"spoli_c_477",6,1.04856435886848
"631",13925,661,"spoli_c_477",7,0.838037858106332
"632",13937,581,"spoli_c_477",8,-0.0976354786143296
"633",13949,578,"spoli_c_477",9,-0.132723228741354
"634",13958,600,"spoli_c_477",10,0.124586938856827
"635",13964,542,"spoli_c_477",11,-0.553776230265652
"636",13979,673,"spoli_c_477",12,0.978388858614431
"637",13988,551,"spoli_c_477",13,-0.448512979884578
"638",14006,590,"spoli_c_477",14,0.00762777176674475
"639",14015,619,"spoli_c_477",15,0.346809356327984
"640",14027,552,"spoli_c_477",16,-0.436817063175569
"641",14048,491,"spoli_c_477",17,-1.15026798242507
"642",14054,662,"spoli_c_477",18,0.84973377481534
"643",14069,485,"spoli_c_477",19,-1.22044348267912
"644",14087,564,"spoli_c_477",20,-0.29646606266747
"645",14096,572,"spoli_c_477",21,-0.202898728995404
"646",14105,544,"spoli_c_477",22,-0.530384396847635
"647",14120,589,"spoli_c_477",23,-0.00406814494226351
"648",14126,720,"spoli_c_477",24,1.52809694393782
"649",14387,-303,"spoli_c_478",1,-1.9227998314755
"650",14393,365,"spoli_c_478",2,-0.210537435343649
"651",14405,505,"spoli_c_478",3,0.148319953067219
"652",14417,612,"spoli_c_478",4,0.422589528495525
"653",14429,367,"spoli_c_478",5,-0.205410901223493
"654",14444,326,"spoli_c_478",6,-0.310504850686676
"655",14456,486,"spoli_c_478",7,0.0996178789257441
"656",14462,315,"spoli_c_478",8,-0.33870078834753
"657",14480,496,"spoli_c_478",9,0.12525054952652
"658",14486,1419,"spoli_c_478",10,2.49114604597817
"659",14501,NA,"spoli_c_478",11,NA
"660",14516,604,"spoli_c_478",12,0.402083392014904
"661",14528,765,"spoli_c_478",13,0.814769388687402
"662",14537,-687,"spoli_c_478",14,-2.90709438254531
"663",14543,634,"spoli_c_478",15,0.478981403817233
"664",14555,511,"spoli_c_478",16,0.163699555427685
"665",14570,379,"spoli_c_478",17,-0.174651696502562
"666",14579,653,"spoli_c_478",18,0.527683477958708
"667",14594,NA,"spoli_c_478",19,NA
"668",14606,266,"spoli_c_478",20,-0.464300874291333
"669",14618,473,"spoli_c_478",21,0.066295407144735
"670",14624,715,"spoli_c_478",22,0.68660603568352
"671",14645,519,"spoli_c_478",23,0.184205691908306
"672",14657,417,"spoli_c_478",24,-0.077247548219612
"673",14918,705,"spoli_c_487",1,1.2479528069433
"674",14924,784,"spoli_c_487",2,1.52491998053753
"675",14936,633,"spoli_c_487",3,0.995527028477671
"676",14948,604,"spoli_c_487",4,0.893855534373459
"677",14960,601,"spoli_c_487",5,0.883337793604058
"678",14975,699,"spoli_c_487",6,1.2269173254045
"679",14987,191,"spoli_c_487",7,-0.554086778214107
"680",14993,641,"spoli_c_487",8,1.02357433719607
"681",15011,140,"spoli_c_487",9,-0.732888371293928
"682",15017,219,"spoli_c_487",10,-0.455921197699696
"683",15032,244,"spoli_c_487",11,-0.368273357954686
"684",15047,262,"spoli_c_487",12,-0.305166913338279
"685",15059,193,"spoli_c_487",13,-0.547074951034506
"686",15068,-273,"spoli_c_487",14,-2.18083068388149
"687",15074,350,"spoli_c_487",15,0.00335348256415692
"688",15086,177,"spoli_c_487",16,-0.603169568471313
"689",15101,193,"spoli_c_487",17,-0.547074951034506
"690",15110,673,"spoli_c_487",18,1.13576357206969
"691",15125,165,"spoli_c_487",19,-0.645240531548918
"692",15137,NA,"spoli_c_487",20,NA
"693",15149,274,"spoli_c_487",21,-0.263095950260674
"694",15155,332,"spoli_c_487",22,-0.0597529620522503
"695",15176,449,"spoli_c_487",23,0.350438927954397
"696",15188,-228,"spoli_c_487",24,-2.02306457234048
"697",15451,546,"spoli_c_491",1,0.110752347470993
"698",15457,604,"spoli_c_491",2,0.557613992919174
"699",15469,473,"spoli_c_491",3,-0.451676964903441
"700",15481,440,"spoli_c_491",4,-0.705925832141199
"701",15493,518,"spoli_c_491",5,-0.10497396412468
"702",15508,410,"spoli_c_491",6,-0.937061165993706
"703",15520,422,"spoli_c_491",7,-0.844607032452703
"704",15526,529,"spoli_c_491",8,-0.0202243417120944
"705",15544,511,"spoli_c_491",9,-0.158905542023599
"706",15550,528,"spoli_c_491",10,-0.0279288528405113
"707",15565,506,"spoli_c_491",11,-0.197428097665683
"708",15580,527,"spoli_c_491",12,-0.0356333639689282
"709",15592,495,"spoli_c_491",13,-0.282177720078269
"710",15601,501,"spoli_c_491",14,-0.235950653307768
"711",15607,525,"spoli_c_491",15,-0.051042386225762
"712",15619,534,"spoli_c_491",16,0.0182982139299902
"713",15634,534,"spoli_c_491",17,0.0182982139299902
"714",15643,609,"spoli_c_491",18,0.596136548561258
"715",15658,452,"spoli_c_491",19,-0.613471698600196
"716",15670,541,"spoli_c_491",20,0.0722297918289085
"717",15682,519,"spoli_c_491",21,-0.0972694529962634
"718",15688,1095,"spoli_c_491",22,4.34052895697188
"719",15709,437,"spoli_c_491",23,-0.72903936552645
"720",15721,503,"spoli_c_491",24,-0.220541631050934
"721",15982,1529,"spoli_c_494",1,0.602010990078195
"722",15988,NA,"spoli_c_494",2,NA
"723",16000,NA,"spoli_c_494",3,NA
"724",16012,NA,"spoli_c_494",4,NA
"725",16024,NA,"spoli_c_494",5,NA
"726",16039,1512,"spoli_c_494",6,0.58327392154775
"727",16051,1661,"spoli_c_494",7,0.747498816314596
"728",16057,NA,"spoli_c_494",8,NA
"729",16075,1333,"spoli_c_494",9,0.385983611727177
"730",16081,1769,"spoli_c_494",10,0.866534310508014
"731",16096,NA,"spoli_c_494",11,NA
"732",16111,1592,"spoli_c_494",12,0.671448361691023
"733",16123,NA,"spoli_c_494",13,NA
"734",16132,NA,"spoli_c_494",14,NA
"735",16138,870,"spoli_c_494",15,-0.124325960602015
"736",16150,825,"spoli_c_494",16,-0.173924083182606
"737",16165,NA,"spoli_c_494",17,NA
"738",16174,NA,"spoli_c_494",18,NA
"739",16189,NA,"spoli_c_494",19,NA
"740",16201,-565,"spoli_c_494",20,-1.70595498067197
"741",16213,NA,"spoli_c_494",21,NA
"742",16219,-698,"spoli_c_494",22,-1.85254498741016
"743",16240,NA,"spoli_c_494",23,NA
"744",16252,NA,"spoli_c_494",24,NA
"745",16513,608,"spoli_c_500",1,0.421549541641846
"746",16519,533,"spoli_c_500",2,0.142297253111821
"747",16531,425,"spoli_c_500",3,-0.259826042371414
"748",16543,-537,"spoli_c_500",4,-3.84170206324986
"749",16555,500,"spoli_c_500",5,0.0194262461586104
"750",16570,501,"spoli_c_500",6,0.0231496100056773
"751",16582,435,"spoli_c_500",7,-0.222592403900744
"752",16588,592,"spoli_c_500",8,0.361975720088774
"753",16606,427,"spoli_c_500",9,-0.25237931467728
"754",16612,538,"spoli_c_500",10,0.160914072347156
"755",16627,428,"spoli_c_500",11,-0.248655950830213
"756",16642,410,"spoli_c_500",12,-0.315676500077419
"757",16654,368,"spoli_c_500",13,-0.472057781654233
"758",16663,490,"spoli_c_500",14,-0.0178073923120596
"759",16669,562,"spoli_c_500",15,0.250274804676764
"760",16681,NA,"spoli_c_500",16,NA
"761",16696,425,"spoli_c_500",17,-0.259826042371414
"762",16705,825,"spoli_c_500",18,1.22951949645538
"763",16720,489,"spoli_c_500",19,-0.0215307561591266
"764",16732,604,"spoli_c_500",20,0.406656086253578
"765",16744,1042,"spoli_c_500",21,2.03748945126892
"766",16750,594,"spoli_c_500",22,0.369422447782908
"767",16771,499,"spoli_c_500",23,0.0157028823115434
"768",16783,622,"spoli_c_500",24,0.473676635500784
"769",17046,587,"spoli_c_501",1,-0.00215494313672089
"770",17052,684,"spoli_c_501",2,1.00118658132034
"771",17064,419,"spoli_c_501",3,-1.73990108858813
"772",17076,627,"spoli_c_501",4,0.411594139113615
"773",17088,501,"spoli_c_501",5,-0.891715469974943
"774",17103,581,"spoli_c_501",6,-0.0642173054742713
"775",17115,603,"spoli_c_501",7,0.163344689763413
"776",17121,644,"spoli_c_501",8,0.587437499070008
"777",17139,405,"spoli_c_501",9,-1.88471326737575
"778",17145,609,"spoli_c_501",10,0.225407052100964
"779",17160,540,"spoli_c_501",11,-0.488310114780866
"780",17175,565,"spoli_c_501",12,-0.229716938374406
"781",17187,596,"spoli_c_501",13,0.0909386003696047
"782",17196,514,"spoli_c_501",14,-0.757247018243584
"783",17202,585,"spoli_c_501",15,-0.0228423972492377
"784",17214,616,"spoli_c_501",16,0.297813141494773
"785",17229,484,"spoli_c_501",17,-1.06755882993134
"786",17238,634,"spoli_c_501",18,0.484000228507424
"787",17253,640,"spoli_c_501",19,0.546062590844974
"788",17265,731,"spoli_c_501",20,1.48734175296449
"789",17277,669,"spoli_c_501",21,0.846030675476468
"790",17283,833,"spoli_c_501",22,2.54240191270284
"791",17304,451,"spoli_c_501",23,-1.40890182278786
"792",17316,575,"spoli_c_501",24,-0.126279667811822
"793",17578,411,"spoli_c_521",1,0.865664620181726
"794",17584,370,"spoli_c_521",2,0.709580158072478
"795",17596,193,"spoli_c_521",3,0.0357521143325532
"796",17608,175,"spoli_c_521",4,-0.032772771471507
"797",17620,-391,"spoli_c_521",5,-2.18749973619918
"798",17635,-189,"spoli_c_521",6,-1.41849823995361
"799",17647,-371,"spoli_c_521",7,-2.11136097419467
"800",17653,353,"spoli_c_521",8,0.644862210368644
"801",17671,119,"spoli_c_521",9,-0.245961305084139
"802",17677,266,"spoli_c_521",10,0.313658595649019
"803",17692,68,"spoli_c_521",11,-0.440115148195642
"804",17707,122,"spoli_c_521",12,-0.234540490783462
"805",17719,178,"spoli_c_521",13,-0.0213519571708303
"806",17728,427,"spoli_c_521",14,0.926575629785335
"807",17734,228,"spoli_c_521",15,0.168994947840448
"808",17746,-127,"spoli_c_521",16,-1.18246807773963
"809",17761,80,"spoli_c_521",17,-0.394431890992936
"810",17770,NA,"spoli_c_521",18,NA
"811",17785,241,"spoli_c_521",19,0.21848514314338
"812",17797,222,"spoli_c_521",20,0.146153319239095
"813",17809,452,"spoli_c_521",21,1.02174908229097
"814",17815,395,"spoli_c_521",22,0.804753610578117
"815",17836,269,"spoli_c_521",23,0.325079409949696
"816",17848,732,"spoli_c_521",24,2.08769175035413
"817",18109,669,"spoli_c_522",1,0.602823455878224
"818",18115,775,"spoli_c_522",2,1.55284516591773
"819",18127,547,"spoli_c_522",3,-0.490597757563468
"820",18139,472,"spoli_c_522",4,-1.16278292976123
"821",18151,559,"spoli_c_522",5,-0.383048130011826
"822",18166,483,"spoli_c_522",6,-1.06419577117222
"823",18178,448,"spoli_c_522",7,-1.37788218486451
"824",18184,600,"spoli_c_522",8,-0.0155869025437163
"825",18202,424,"spoli_c_522",9,-1.5929814399678
"826",18208,851,"spoli_c_522",10,2.23399280707813
"827",18223,510,"spoli_c_522",11,-0.82220910918103
"828",18238,573,"spoli_c_522",12,-0.25757356453491
"829",18250,NA,"spoli_c_522",13,NA
"830",18259,804,"spoli_c_522",14,1.81275676583419
"831",18265,631,"spoli_c_522",15,0.262249635298025
"832",18277,673,"spoli_c_522",16,0.638673331728771
"833",18292,569,"spoli_c_522",17,-0.293423440385458
"834",18301,461,"spoli_c_522",18,-1.26137008835023
"835",18316,650,"spoli_c_522",19,0.432536545588125
"836",18328,603,"spoli_c_522",20,0.0113005043441941
"837",18340,678,"spoli_c_522",21,0.683485676541956
"838",18346,628,"spoli_c_522",22,0.235362228410115
"839",18367,619,"spoli_c_522",23,0.154700007746383
"840",18379,613,"spoli_c_522",24,0.100925193970562
"841",18635,NA,"spoli_c_537",1,NA
"842",18653,483,"spoli_c_537",2,-1.62300032241525
"843",18662,824,"spoli_c_537",3,0.278178323205507
"844",18668,1191,"spoli_c_537",4,2.32431487142491
"845",18680,804,"spoli_c_537",5,0.166672244283468
"846",18701,762,"spoli_c_537",6,-0.0674905214528125
"847",18713,824,"spoli_c_537",7,0.278178323205507
"848",18725,843,"spoli_c_537",8,0.384109098181444
"849",18737,868,"spoli_c_537",9,0.523491696833992
"850",18746,654,"spoli_c_537",10,-0.669623347631821
"851",18752,1095,"spoli_c_537",11,1.78908569259913
"852",18767,617,"spoli_c_537",12,-0.875909593637592
"853",18776,586,"spoli_c_537",13,-1.04874401596675
"854",18794,NA,"spoli_c_537",14,NA
"855",18803,NA,"spoli_c_537",15,NA
"856",18815,870,"spoli_c_537",16,0.534642304726196
"857",18836,NA,"spoli_c_537",17,NA
"858",18842,NA,"spoli_c_537",18,NA
"859",18857,833,"spoli_c_537",19,0.328356058720424
"860",18875,650,"spoli_c_537",20,-0.691924563416228
"861",18884,800,"spoli_c_537",21,0.144371028499061
"862",18893,661,"spoli_c_537",22,-0.630596220009107
"863",18908,497,"spoli_c_537",23,-1.54494606716982
"864",18914,846,"spoli_c_537",24,0.400835010019749
"865",19175,483,"spoli_c_608",1,0.467254379560502
"866",19181,823,"spoli_c_608",2,2.86222657630277
"867",19193,479,"spoli_c_608",3,0.439078236069416
"868",19205,501,"spoli_c_608",4,0.594047025270387
"869",19217,406,"spoli_c_608",5,-0.0751363826428949
"870",19232,479,"spoli_c_608",6,0.439078236069416
"871",19244,504,"spoli_c_608",7,0.615179132888701
"872",19250,533,"spoli_c_608",8,0.819456173199071
"873",19268,335,"spoli_c_608",9,-0.575262929609664
"874",19274,519,"spoli_c_608",10,0.720839670980272
"875",19289,359,"spoli_c_608",11,-0.40620606866315
"876",19304,453,"spoli_c_608",12,0.25593330337736
"877",19316,336,"spoli_c_608",13,-0.568218893736892
"878",19325,368,"spoli_c_608",14,-0.342809745808208
"879",19331,692,"spoli_c_608",15,1.93945787696972
"880",19343,267,"spoli_c_608",16,-1.05425736895812
"881",19358,350,"spoli_c_608",17,-0.469602391518093
"882",19367,395,"spoli_c_608",18,-0.15262077724338
"883",19382,277,"spoli_c_608",19,-0.983817010230404
"884",19394,322,"spoli_c_608",20,-0.666835395955692
"885",19406,207,"spoli_c_608",21,-1.4768995213244
"886",19412,279,"spoli_c_608",22,-0.969728938484861
"887",19433,237,"spoli_c_608",23,-1.26557844514126
"888",19445,396,"spoli_c_608",24,-0.145576741370609
"889",19705,711,"spoli_c_617",1,0.812501316716418
"890",19711,550,"spoli_c_617",2,-0.481509323485719
"891",19723,564,"spoli_c_617",3,-0.368986659120315
"892",19735,666,"spoli_c_617",4,0.450821324113336
"893",19747,450,"spoli_c_617",5,-1.28524264038146
"894",19762,529,"spoli_c_617",6,-0.650293320033823
"895",19774,605,"spoli_c_617",7,-0.0394559991930632
"896",19780,723,"spoli_c_617",8,0.908949314743906
"897",19798,761,"spoli_c_617",9,1.21436797516429
"898",19804,764,"spoli_c_617",10,1.23847997467116
"899",19819,498,"spoli_c_617",11,-0.899450648271502
"900",19834,747,"spoli_c_617",12,1.10184531079888
"901",19846,592,"spoli_c_617",13,-0.143941330389509
"902",19855,NA,"spoli_c_617",14,NA
"903",19861,670,"spoli_c_617",15,0.482970656789166
"904",19873,476,"spoli_c_617",16,-1.07627197798856
"905",19888,496,"spoli_c_617",17,-0.915525314609416
"906",19897,898,"spoli_c_617",18,2.31548261931145
"907",19912,567,"spoli_c_617",19,-0.344874659613443
"908",19924,617,"spoli_c_617",20,0.0569919988344252
"909",19936,632,"spoli_c_617",21,0.177551996368786
"910",19942,NA,"spoli_c_617",22,NA
"911",19963,372,"spoli_c_617",23,-1.91215462756013
"912",19975,530,"spoli_c_617",24,-0.642255986864866
"913",20231,400,"spoli_c_639",1,-0.344849142950021
"914",20249,645,"spoli_c_639",2,0.712352609159532
"915",20258,517,"spoli_c_639",3,0.160018632547194
"916",20264,560,"spoli_c_639",4,0.345568327815401
"917",20276,455,"spoli_c_639",5,-0.107518137374407
"918",20297,-565,"spoli_c_639",6,-4.50892951350397
"919",20309,517,"spoli_c_639",7,0.160018632547194
"920",20321,436,"spoli_c_639",8,-0.189505212027801
"921",20333,515,"spoli_c_639",9,0.151388414162626
"922",20342,511,"spoli_c_639",10,0.134127977393491
"923",20348,521,"spoli_c_639",11,0.17727906931633
"924",20363,527,"spoli_c_639",12,0.203169724470033
"925",20372,466,"spoli_c_639",13,-0.0600519362592842
"926",20390,542,"spoli_c_639",14,0.267896362354291
"927",20399,535,"spoli_c_639",15,0.237690598008304
"928",20411,604,"spoli_c_639",16,0.535433132275892
"929",20432,433,"spoli_c_639",17,-0.202450539604652
"930",20438,600,"spoli_c_639",18,0.518172695506757
"931",20453,566,"spoli_c_639",19,0.371458982969105
"932",20471,489,"spoli_c_639",20,0.0391955751632452
"933",20480,487,"spoli_c_639",21,0.0305653567786775
"934",20489,667,"spoli_c_639",22,0.807285011389777
"935",20504,515,"spoli_c_639",23,0.151388414162626
"936",20510,575,"spoli_c_639",24,0.41029496569966
"937",20769,582,"spoli_c_640",1,0.0595904694061237
"938",20775,1298,"spoli_c_640",2,1.8929285047289
"939",20787,686,"spoli_c_640",3,0.32588537956474
"940",20799,NA,"spoli_c_640",4,NA
"941",20811,-374,"spoli_c_640",5,-2.38827428166731
"942",20826,-179,"spoli_c_640",6,-1.8889713251199
"943",20838,328,"spoli_c_640",7,-0.590783638096649
"944",20844,1178,"spoli_c_640",8,1.58566514685358
"945",20862,483,"spoli_c_640",9,-0.19390180084102
"946",20868,722,"spoli_c_640",10,0.418064386927337
"947",20883,590,"spoli_c_640",11,0.0800746932644788
"948",20898,561,"spoli_c_640",12,0.00581938177794172
"949",20910,670,"spoli_c_640",13,0.284916931848029
"950",20919,556,"spoli_c_640",14,-0.00698325813353019
"951",20925,NA,"spoli_c_640",15,NA
"952",20937,409,"spoli_c_640",16,-0.383380871530804
"953",20952,299,"spoli_c_640",17,-0.665038949583186
"954",20961,204,"spoli_c_640",18,-0.908289107901153
"955",20976,354,"spoli_c_640",19,-0.524209910556995
"956",20988,631,"spoli_c_640",20,0.185056340538548
"957",21000,565,"spoli_c_640",21,0.0160614937071193
"958",21006,850,"spoli_c_640",22,0.745811968661018
"959",21027,1169,"spoli_c_640",23,1.56262039501293
"960",21039,710,"spoli_c_640",24,0.387338051139805
"961",21302,1808,"spoli_c_647",1,2.18714716529858
"962",21308,NA,"spoli_c_647",2,NA
"963",21320,641,"spoli_c_647",3,-0.844807784497631
"964",21332,1263,"spoli_c_647",4,0.771195624905321
"965",21344,707,"spoli_c_647",5,-0.673334753917896
"966",21359,629,"spoli_c_647",6,-0.875984699148492
"967",21371,NA,"spoli_c_647",7,NA
"968",21377,800,"spoli_c_647",8,-0.431713665373725
"969",21395,1059,"spoli_c_647",9,0.241188075840687
"970",21401,901,"spoli_c_647",10,-0.169307967062313
"971",21416,1234,"spoli_c_647",11,0.695851414499074
"972",21431,674,"spoli_c_647",12,-0.759071269207764
"973",21443,1266,"spoli_c_647",13,0.778989853568036
"974",21452,NA,"spoli_c_647",14,NA
"975",21458,662,"spoli_c_647",15,-0.790248183858624
"976",21470,654,"spoli_c_647",16,-0.811032793625865
"977",21485,1884,"spoli_c_647",17,2.38460095808737
"978",21494,NA,"spoli_c_647",18,NA
"979",21509,729,"spoli_c_647",19,-0.616177077057985
"980",21521,840,"spoli_c_647",20,-0.327790616537523
"981",21533,806,"spoli_c_647",21,-0.416125208048295
"982",21539,NA,"spoli_c_647",22,NA
"983",21560,834,"spoli_c_647",23,-0.343379073862953
"984",21572,NA,"spoli_c_647",24,NA
"985",21835,693,"spoli_c_651",1,0.280809854869956
"986",21841,683,"spoli_c_651",2,0.262213175739496
"987",21853,650,"spoli_c_651",3,0.200844134608975
"988",21865,558,"spoli_c_651",4,0.0297546866087371
"989",21877,-763,"spoli_c_651",5,-2.42686662652512
"990",21892,NA,"spoli_c_651",6,NA
"991",21904,819,"spoli_c_651",7,0.515128011913761
"992",21910,NA,"spoli_c_651",8,NA
"993",21928,813,"spoli_c_651",9,0.503970004435484
"994",21934,NA,"spoli_c_651",10,NA
"995",21949,NA,"spoli_c_651",11,NA
"996",21964,883,"spoli_c_651",12,0.634146758348709
"997",21976,NA,"spoli_c_651",13,NA
"998",21985,NA,"spoli_c_651",14,NA
"999",21991,NA,"spoli_c_651",15,NA
"1000",22003,NA,"spoli_c_651",16,NA
"1001",22018,NA,"spoli_c_651",17,NA
"1002",22027,NA,"spoli_c_651",18,NA
"1003",22042,NA,"spoli_c_651",19,NA
"1004",22054,NA,"spoli_c_651",20,NA
"1005",22066,NA,"spoli_c_651",21,NA
"1006",22072,NA,"spoli_c_651",22,NA
"1007",22093,NA,"spoli_c_651",23,NA
"1008",22105,NA,"spoli_c_651",24,NA
"1009",22367,798,"spoli_c_677",1,1.20142428950198
"1010",22373,769,"spoli_c_677",2,1.10083762572597
"1011",22385,414,"spoli_c_677",3,-0.130481879118307
"1012",22397,-316,"spoli_c_677",4,-2.66249100175584
"1013",22409,149,"spoli_c_677",5,-1.04963587569221
"1014",22424,NA,"spoli_c_677",6,NA
"1015",22436,362,"spoli_c_677",7,-0.310844172785638
"1016",22442,365,"spoli_c_677",8,-0.300438655843292
"1017",22460,446,"spoli_c_677",9,-0.0194896983999496
"1018",22466,NA,"spoli_c_677",10,NA
"1019",22481,250,"spoli_c_677",11,-0.69931680529989
"1020",22496,261,"spoli_c_677",12,-0.661163243177954
"1021",22508,424,"spoli_c_677",13,-0.0957968226438204
"1022",22517,391,"spoli_c_677",14,-0.210257509009627
"1023",22523,665,"spoli_c_677",15,0.74011303839131
"1024",22535,383,"spoli_c_677",16,-0.238005554189216
"1025",22550,530,"spoli_c_677",17,0.271864775985739
"1026",22559,282,"spoli_c_677",18,-0.588324624581532
"1027",22574,NA,"spoli_c_677",19,NA
"1028",22586,800,"spoli_c_677",20,1.20836130079688
"1029",22598,486,"spoli_c_677",21,0.119250527497997
"1030",22604,1125,"spoli_c_677",22,2.3356256362177
"1031",22625,424,"spoli_c_677",23,-0.0957968226438204
"1032",22637,476,"spoli_c_677",24,0.0845654710235106
"1033",22897,540,"spoli_c_697",1,-0.204446894911576
"1034",22903,638,"spoli_c_697",2,0.609189478746676
"1035",22915,549,"spoli_c_697",3,-0.129725187126635
"1036",22927,525,"spoli_c_697",4,-0.328983074553145
"1037",22939,504,"spoli_c_697",5,-0.503333726051342
"1038",22954,472,"spoli_c_697",6,-0.76901090928669
"1039",22966,517,"spoli_c_697",7,-0.395402370361982
"1040",22972,888,"spoli_c_697",8,2.68479247277283
"1041",22990,530,"spoli_c_697",9,-0.287471014672622
"1042",22996,673,"spoli_c_697",10,0.899773897910337
"1043",23011,670,"spoli_c_697",11,0.874866661982024
"1044",23026,457,"spoli_c_697",12,-0.893547088928259
"1045",23038,664,"spoli_c_697",13,0.825052190125396
"1046",23047,530,"spoli_c_697",14,-0.287471014672622
"1047",23053,848,"spoli_c_697",15,2.35269599372864
"1048",23065,484,"spoli_c_697",16,-0.669381965573434
"1049",23080,387,"spoli_c_697",17,-1.47471592725558
"1050",23089,397,"spoli_c_697",18,-1.39169180749454
"1051",23104,542,"spoli_c_697",19,-0.187842070959367
"1052",23116,553,"spoli_c_697",20,-0.0965155392222161
"1053",23128,546,"spoli_c_697",21,-0.154632423054948
"1054",23134,516,"spoli_c_697",22,-0.403704782338087
"1055",23155,489,"spoli_c_697",23,-0.627869905692911
"1056",23167,632,"spoli_c_697",24,0.559375006890048
"1057",23430,773,"spoli_c_705",1,0.107402042965856
"1058",23436,701,"spoli_c_705",2,-0.082681572741313
"1059",23448,-345,"spoli_c_705",3,-2.84417410093157
"1060",23460,695,"spoli_c_705",4,-0.0985218740502437
"1061",23472,730,"spoli_c_705",5,-0.00612011641481429
"1062",23487,NA,"spoli_c_705",6,NA
"1063",23499,1208,"spoli_c_705",7,1.25582388786334
"1064",23505,776,"spoli_c_705",8,0.115322193620322
"1065",23523,720,"spoli_c_705",9,-0.0325206185963655
"1066",23529,576,"spoli_c_705",10,-0.412687850010704
"1067",23544,1089,"spoli_c_705",11,0.941657911902876
"1068",23559,710,"spoli_c_705",12,-0.0589211207779168
"1069",23571,806,"spoli_c_705",13,0.194523700164975
"1070",23580,NA,"spoli_c_705",14,NA
"1071",23586,1216,"spoli_c_705",15,1.27694428960858
"1072",23598,1200,"spoli_c_705",16,1.23470348611809
"1073",23613,854,"spoli_c_705",17,0.321246110636421
"1074",23622,814,"spoli_c_705",18,0.215644101910216
"1075",23637,1357,"spoli_c_705",19,1.64919137036845
"1076",23649,565,"spoli_c_705",20,-0.44172840241041
"1077",23661,68,"spoli_c_705",21,-1.75383336083351
"1078",23667,475,"spoli_c_705",22,-0.679332922044371
"1079",23688,516,"spoli_c_705",23,-0.571090863100011
"1080",23700,607,"spoli_c_705",24,-0.330846293247895
"1081",23962,605,"spoli_c_715",1,0.938431058500498
"1082",23968,614,"spoli_c_715",2,1.05385306034815
"1083",23980,430,"spoli_c_715",3,-1.30588564409279
"1084",23992,520,"spoli_c_715",4,-0.151665625616242
"1085",24004,483,"spoli_c_715",5,-0.626178299878823
"1086",24019,509,"spoli_c_715",6,-0.29273696120782
"1087",24031,493,"spoli_c_715",7,-0.497931631159207
"1088",24037,672,"spoli_c_715",8,1.79768373892193
"1089",24055,444,"spoli_c_715",9,-1.12634030788533
"1090",24061,568,"spoli_c_715",10,0.463918384237917
"1091",24076,526,"spoli_c_715",11,-0.0747176243844724
"1092",24091,524,"spoli_c_715",12,-0.100366958128396
"1093",24103,657,"spoli_c_715",13,1.6053137358425
"1094",24112,312,"spoli_c_715",14,-2.81919633498427
"1095",24118,561,"spoli_c_715",15,0.374145716134185
"1096",24130,525,"spoli_c_715",16,-0.087542291256434
"1097",24145,464,"spoli_c_715",17,-0.869846970446095
"1098",24154,519,"spoli_c_715",18,-0.164490292488204
"1099",24169,509,"spoli_c_715",19,-0.29273696120782
"1100",24181,NA,"spoli_c_715",20,NA
"1101",24193,595,"spoli_c_715",21,0.810184389780881
"1102",24199,564,"spoli_c_715",22,0.41261971675007
"1103",24220,568,"spoli_c_715",23,0.463918384237917
"1104",24232,570,"spoli_c_715",24,0.48956771798184
"1105",24493,NA,"spoli_c_724",1,NA
"1106",24499,606,"spoli_c_724",2,0.832170250772131
"1107",24511,501,"spoli_c_724",3,-0.442573303129476
"1108",24523,391,"spoli_c_724",4,-1.7780189310264
"1109",24535,468,"spoli_c_724",5,-0.843206991498553
"1110",24550,613,"spoli_c_724",6,0.917153154365572
"1111",24562,625,"spoli_c_724",7,1.06283813195433
"1112",24568,638,"spoli_c_724",8,1.22066352434214
"1113",24586,661,"spoli_c_724",9,1.49989306472059
"1114",24592,696,"spoli_c_724",10,1.92480758268779
"1115",24607,550,"spoli_c_724",11,0.152307022024607
"1116",24622,451,"spoli_c_724",12,-1.04959404308262
"1117",24634,451,"spoli_c_724",13,-1.04959404308262
"1118",24643,494,"spoli_c_724",14,-0.527556206722917
"1119",24649,571,"spoli_c_724",15,0.407255732804929
"1120",24661,508,"spoli_c_724",16,-0.357590399536036
"1121",24676,448,"spoli_c_724",17,-1.08601528747981
"1122",24685,NA,"spoli_c_724",18,NA
"1123",24700,507,"spoli_c_724",19,-0.369730814335099
"1124",24712,453,"spoli_c_724",20,-1.0253132134845
"1125",24724,501,"spoli_c_724",21,-0.442573303129476
"1126",24730,507,"spoli_c_724",22,-0.369730814335099
"1127",24751,553,"spoli_c_724",23,0.188728266421796
"1128",24763,631,"spoli_c_724",24,1.1356806207487
"1129",25019,500,"spoli_c_727",1,-0.151287029559717
"1130",25037,672,"spoli_c_727",2,0.362032846154284
"1131",25046,NA,"spoli_c_727",3,NA
"1132",25052,736,"spoli_c_727",4,0.553035590606005
"1133",25064,NA,"spoli_c_727",5,NA
"1134",25085,481,"spoli_c_727",6,-0.207990969318821
"1135",25097,873,"spoli_c_727",7,0.96190084044797
"1136",25109,-465,"spoli_c_727",8,-3.03125028574582
"1137",25121,635,"spoli_c_727",9,0.251609384518132
"1138",25130,902,"spoli_c_727",10,1.04844895902766
"1139",25136,522,"spoli_c_727",11,-0.0856298361544376
"1140",25151,629,"spoli_c_727",12,0.233702877225784
"1141",25160,NA,"spoli_c_727",13,NA
"1142",25178,450,"spoli_c_727",14,-0.300507923662624
"1143",25187,603,"spoli_c_727",15,0.156108012292272
"1144",25199,621,"spoli_c_727",16,0.209827534169318
"1145",25220,NA,"spoli_c_727",17,NA
"1146",25226,NA,"spoli_c_727",18,NA
"1147",25241,NA,"spoli_c_727",19,NA
"1148",25259,NA,"spoli_c_727",20,NA
"1149",25268,NA,"spoli_c_727",21,NA
"1150",25277,NA,"spoli_c_727",22,NA
"1151",25292,NA,"spoli_c_727",23,NA
"1152",25298,NA,"spoli_c_727",24,NA
"1153",25551,624,"spoli_c_730",1,0.073795064202235
"1154",25569,471,"spoli_c_730",2,-0.459021882498398
"1155",25578,796,"spoli_c_730",3,0.672778821277456
"1156",25584,597,"spoli_c_730",4,-0.020231455803759
"1157",25596,627,"spoli_c_730",5,0.0842424553140121
"1158",25617,-556,"spoli_c_730",6,-4.0355121064301
"1159",25629,653,"spoli_c_730",7,0.17478651161608
"1160",25641,603,"spoli_c_730",8,0.000663326419795222
"1161",25653,754,"spoli_c_730",9,0.526515345712577
"1162",25662,640,"spoli_c_730",10,0.129514483465046
"1163",25668,586,"spoli_c_730",11,-0.0585385565469418
"1164",25683,NA,"spoli_c_730",12,NA
"1165",25692,657,"spoli_c_730",13,0.188716366431783
"1166",25710,539,"spoli_c_730",14,-0.22221435063145
"1167",25719,725,"spoli_c_730",15,0.425523898298731
"1168",25731,856,"spoli_c_730",16,0.881726643512999
"1169",25752,795,"spoli_c_730",17,0.669296357573531
"1170",25758,NA,"spoli_c_730",18,NA
"1171",25773,630,"spoli_c_730",19,0.0946898464257893
"1172",25791,708,"spoli_c_730",20,0.366322015331994
"1173",25800,881,"spoli_c_730",21,0.968788236111141
"1174",25809,501,"spoli_c_730",22,-0.354547971380627
"1175",25824,572,"spoli_c_730",23,-0.107293048401902
"1176",25830,NA,"spoli_c_730",24,NA
"1177",26089,497,"spoli_c_740",1,-0.520777223142249
"1178",26095,464,"spoli_c_740",2,-0.635051944437593
"1179",26107,548,"spoli_c_740",3,-0.344170835685809
"1180",26119,515,"spoli_c_740",4,-0.458445556981153
"1181",26131,506,"spoli_c_740",5,-0.489611390061701
"1182",26146,1275,"spoli_c_740",6,2.17333590315404
"1183",26158,1125,"spoli_c_740",7,1.65390535181157
"1184",26164,NA,"spoli_c_740",8,NA
"1185",26182,428,"spoli_c_740",9,-0.759715276759787
"1186",26188,1333,"spoli_c_740",10,2.37418238300646
"1187",26203,451,"spoli_c_740",11,-0.680069258887274
"1188",26218,590,"spoli_c_740",12,-0.198730281309916
"1189",26230,683,"spoli_c_740",13,0.123316660522417
"1190",26239,NA,"spoli_c_740",14,NA
"1191",26245,NA,"spoli_c_740",15,NA
"1192",26257,481,"spoli_c_740",16,-0.57618314861878
"1193",26272,642,"spoli_c_740",17,-0.0186610235111926
"1194",26281,709,"spoli_c_740",18,0.213351289421778
"1195",26296,468,"spoli_c_740",19,-0.621200463068461
"1196",26308,NA,"spoli_c_740",20,NA
"1197",26320,NA,"spoli_c_740",21,NA
"1198",26326,428,"spoli_c_740",22,-0.759715276759787
"1199",26347,510,"spoli_c_740",23,-0.475759908692568
"1200",26359,NA,"spoli_c_740",24,NA
"1201",26622,1228,"spoli_c_743",1,2.83347622311284
"1202",26628,713,"spoli_c_743",2,-0.472834539101078
"1203",26640,728,"spoli_c_743",3,-0.376534225638537
"1204",26652,693,"spoli_c_743",4,-0.601234957051133
"1205",26664,834,"spoli_c_743",5,0.303987989496756
"1206",26679,NA,"spoli_c_743",6,NA
"1207",26691,NA,"spoli_c_743",7,NA
"1208",26697,701,"spoli_c_743",8,-0.549874789871111
"1209",26715,776,"spoli_c_743",9,-0.0683732225584043
"1210",26721,806,"spoli_c_743",10,0.124227404366679
"1211",26736,847,"spoli_c_743",11,0.387448261164292
"1212",26751,681,"spoli_c_743",12,-0.678275207821166
"1213",26763,774,"spoli_c_743",13,-0.0812132643534098
"1214",26772,736,"spoli_c_743",14,-0.325174058458515
"1215",26778,797,"spoli_c_743",15,0.0664472162891537
"1216",26790,NA,"spoli_c_743",16,NA
"1217",26805,1113,"spoli_c_743",17,2.09517381990003
"1218",26814,759,"spoli_c_743",18,-0.177513577815951
"1219",26829,895,"spoli_c_743",19,0.695609264244424
"1220",26841,812,"spoli_c_743",20,0.162747529751695
"1221",26853,528,"spoli_c_743",21,-1.66053840513909
"1222",26859,665,"spoli_c_743",22,-0.780995542181211
"1223",26880,647,"spoli_c_743",23,-0.89655591833626
"1224",26892,NA,"spoli_c_743",24,NA
"1225",27153,-794,"spoli_c_744",1,-4.21045773206293
"1226",27159,614,"spoli_c_744",2,0.192853349945938
"1227",27171,541,"spoli_c_744",3,-0.0354433183684427
"1228",27183,411,"spoli_c_744",4,-0.441999029065284
"1229",27195,338,"spoli_c_744",5,-0.670295697379665
"1230",27210,531,"spoli_c_744",6,-0.0667168345758921
"1231",27222,534,"spoli_c_744",7,-0.0573347797136573
"1232",27228,728,"spoli_c_744",8,0.54937143471086
"1233",27246,456,"spoli_c_744",9,-0.301268206131762
"1234",27252,750,"spoli_c_744",10,0.618173170367249
"1235",27267,584,"spoli_c_744",11,0.0990328013235895
"1236",27282,526,"spoli_c_744",12,-0.0823535926796168
"1237",27294,658,"spoli_c_744",13,0.330456821258715
"1238",27303,567,"spoli_c_744",14,0.0458678237709256
"1239",27309,633,"spoli_c_744",15,0.252273030740091
"1240",27321,671,"spoli_c_744",16,0.371112392328399
"1241",27336,565,"spoli_c_744",17,0.0396131205294357
"1242",27345,1060,"spoli_c_744",18,1.58765217279818
"1243",27360,546,"spoli_c_744",19,-0.019806560264718
"1244",27372,591,"spoli_c_744",20,0.120924262668804
"1245",27384,791,"spoli_c_744",21,0.746394586817791
"1246",27390,729,"spoli_c_744",22,0.552498786331605
"1247",27411,596,"spoli_c_744",23,0.136561020772529
"1248",27423,630,"spoli_c_744",24,0.242890975877857
"1249",27685,572,"spoli_c_751",1,0.57321627881465
"1250",27691,759,"spoli_c_751",2,0.949601744699091
"1251",27703,532,"spoli_c_751",3,0.492706018732417
"1252",27715,887,"spoli_c_751",4,1.20723457696224
"1253",27727,718,"spoli_c_751",5,0.867078728114802
"1254",27742,543,"spoli_c_751",6,0.514846340255031
"1255",27754,-143,"spoli_c_751",7,-0.865904620155269
"1256",27760,-265,"spoli_c_751",8,-1.11146091340608
"1257",27778,-420,"spoli_c_751",9,-1.42343817122473
"1258",27784,176,"spoli_c_751",10,-0.223835295999459
"1259",27799,100,"spoli_c_751",11,-0.376804790155702
"1260",27814,-394,"spoli_c_751",12,-1.37110650217128
"1261",27826,705,"spoli_c_751",13,0.840912893588076
"1262",27835,-176,"spoli_c_751",14,-0.932325584723111
"1263",27841,413,"spoli_c_751",15,0.253187994987773
"1264",27853,22,"spoli_c_751",16,-0.533799797316057
"1265",27868,138,"spoli_c_751",17,-0.30032004307758
"1266",27877,-422,"spoli_c_751",18,-1.42746368422885
"1267",27892,572,"spoli_c_751",19,0.57321627881465
"1268",27904,425,"spoli_c_751",20,0.277341073012443
"1269",27916,-378,"spoli_c_751",21,-1.33890239813839
"1270",27922,410,"spoli_c_751",22,0.247149725481606
"1271",27943,585,"spoli_c_751",23,0.599382113341376
"1272",27955,1534,"spoli_c_751",24,2.50948803379236
"1273",28217,NA,"spoli_c_768",1,NA
"1274",28223,593,"spoli_c_768",2,0.0691003550652924
"1275",28235,586,"spoli_c_768",3,0.0169363615356108
"1276",28247,371,"spoli_c_768",4,-1.58524343973318
"1277",28259,555,"spoli_c_768",5,-0.214075609810122
"1278",28274,602,"spoli_c_768",6,0.136168346746312
"1279",28286,429,"spoli_c_768",7,-1.15302749334439
"1280",28292,671,"spoli_c_768",8,0.650356282967459
"1281",28310,601,"spoli_c_768",9,0.128716347670643
"1282",28316,729,"spoli_c_768",10,1.08257222935625
"1283",28331,421,"spoli_c_768",11,-1.21264348594974
"1284",28346,564,"spoli_c_768",12,-0.147007618129103
"1285",28358,758,"spoli_c_768",13,1.29868020255064
"1286",28367,611,"spoli_c_768",14,0.203236338427331
"1287",28373,524,"spoli_c_768",15,-0.445087581155855
"1288",28385,560,"spoli_c_768",16,-0.176815614431778
"1289",28400,613,"spoli_c_768",17,0.218140336578668
"1290",28409,588,"spoli_c_768",18,0.0318403596869484
"1291",28424,545,"spoli_c_768",19,-0.28859560056681
"1292",28436,1012,"spoli_c_768",20,3.19148796777052
"1293",28448,568,"spoli_c_768",21,-0.117199621826428
"1294",28454,NA,"spoli_c_768",22,NA
"1295",28475,520,"spoli_c_768",23,-0.47489557745853
"1296",28487,421,"spoli_c_768",24,-1.21264348594974
"1297",28749,604,"spoli_c_777",1,-0.243930112451471
"1298",28755,563,"spoli_c_777",2,-0.50209632574186
"1299",28767,523,"spoli_c_777",3,-0.753965802122728
"1300",28779,659,"spoli_c_777",4,0.102390417572222
"1301",28791,NA,"spoli_c_777",5,NA
"1302",28806,609,"spoli_c_777",6,-0.212446427903862
"1303",28818,582,"spoli_c_777",7,-0.382458324460948
"1304",28824,628,"spoli_c_777",8,-0.0928084266229502
"1305",28842,607,"spoli_c_777",9,-0.225039901722906
"1306",28848,767,"spoli_c_777",10,0.782438003800565
"1307",28863,467,"spoli_c_777",11,-1.10658306905594
"1308",28878,679,"spoli_c_777",12,0.228325155762656
"1309",28890,777,"spoli_c_777",13,0.845405372895782
"1310",28899,561,"spoli_c_777",14,-0.514689799560904
"1311",28905,528,"spoli_c_777",15,-0.722482117575119
"1312",28917,609,"spoli_c_777",16,-0.212446427903862
"1313",28932,508,"spoli_c_777",17,-0.848416855765553
"1314",28941,700,"spoli_c_777",18,0.360556630862612
"1315",28956,580,"spoli_c_777",19,-0.395051798279991
"1316",28968,621,"spoli_c_777",20,-0.136885584989602
"1317",28980,775,"spoli_c_777",21,0.832811899076738
"1318",28986,1264,"spoli_c_777",22,3.91191624783285
"1319",29007,629,"spoli_c_777",23,-0.0865116897134286
"1320",29019,543,"spoli_c_777",24,-0.628031063932294
