"part_id","hit_before_n","hit_during_n","hit_after_n","miss_n","false_alarm_n","corr_rej_n","hit_n","target","distractors","d_prime","auto_dprime$dprime","sl_aprime","task"
"blast_c_002",1,6,8,9,7,257,15,24,264,2.25331344406363,2.25331344406363,0.893090437448414,"lsl"
"blast_c_009",1,22,1,0,0,264,24,24,264,Inf,Inf,1,"lsl"
"blast_c_019",0,18,5,1,4,260,23,24,264,3.89777114901457,3.89777114901457,0.985470507753117,"lsl"
"blast_c_028",0,11,1,12,2,262,12,24,264,2.42873708669228,2.42873708669228,0.870257922738839,"lsl"
"blast_c_034",0,6,10,8,8,256,16,24,264,2.30708586119005,2.30708586119005,0.902698863636364,"lsl"
"blast_c_036",0,22,1,1,2,262,23,24,264,4.16040148281452,4.16040148281452,0.987527532208913,"lsl"
"blast_c_038",2,11,9,2,7,257,22,24,264,3.31766820719989,3.31766820719989,0.971367816831206,"lsl"
"blast_c_045",1,22,1,0,0,264,24,24,264,Inf,Inf,1,"lsl"
"blast_c_059",0,10,6,8,2,262,16,24,264,2.85946438598774,2.85946438598774,0.913189625260236,"lsl"
"blast_c_061",0,18,5,1,6,258,23,24,264,3.73208796522823,3.73208796522823,0.983412231516377,"lsl"
"blast_c_071",1,21,1,1,5,259,23,24,264,3.80782837135455,3.80782837135455,0.984441527919789,"lsl"
"blast_c_073",3,18,1,2,10,254,22,24,264,3.15884454091472,3.15884454091472,0.968015878180517,"lsl"
"blast_c_088",2,8,7,7,2,262,17,24,264,2.97725936939038,2.97725936939038,0.923852920765808,"lsl"
"blast_c_092",0,21,2,1,5,259,23,24,264,3.80782837135455,3.80782837135455,0.984441527919789,"lsl"
"blast_c_095",2,22,0,0,2,262,24,24,264,Inf,Inf,0.998106060606061,"lsl"
"blast_c_096",0,23,0,1,2,262,23,24,264,4.16040148281452,4.16040148281452,0.987527532208913,"lsl"
"blast_c_097",0,22,1,1,2,262,23,24,264,4.16040148281452,4.16040148281452,0.987527532208913,"lsl"
"blast_c_109",1,22,0,1,2,262,23,24,264,4.16040148281452,4.16040148281452,0.987527532208913,"lsl"
"blast_c_112",0,23,0,1,3,261,23,24,264,4.00965272915098,4.00965272915098,0.986499174655097,"lsl"
"blast_c_118",0,20,4,0,7,257,24,24,264,Inf,Inf,0.993371212121212,"lsl"
"blast_c_122",0,2,0,22,24,240,2,24,264,-0.0478163909817022,-0.0478163909817022,0.477100550964187,"lsl"
"blast_c_124",1,23,0,0,3,261,24,24,264,Inf,Inf,0.997159090909091,"lsl"
"blast_c_147",2,20,2,0,7,257,24,24,264,Inf,Inf,0.993371212121212,"lsl"
"blast_c_149",0,11,7,6,1,263,18,24,264,3.34490463497693,3.34490463497693,0.935999731151822,"lsl"
"blast_c_150",0,23,1,0,0,264,24,24,264,Inf,Inf,1,"lsl"
"blast_c_168",1,18,2,3,6,258,21,24,264,3.15077294948199,3.15077294948199,0.961529749320447,"lsl"
"blast_c_170",0,10,5,9,0,264,15,24,264,Inf,Inf,0.90625,"lsl"
"blast_c_193",1,17,3,3,3,261,21,24,264,3.42833771340474,3.42833771340474,0.965144051350948,"lsl"
"blast_c_198",0,21,0,3,5,259,21,24,264,3.22651335560831,3.22651335560831,0.962735462735463,"lsl"
"blast_c_204",1,17,1,5,3,261,19,24,264,3.09020613452865,3.09020613452865,0.943729490916424,"lsl"
"blast_c_206",0,23,0,1,0,264,23,24,264,Inf,Inf,0.989583333333333,"lsl"
"blast_c_209",0,8,0,16,4,260,8,24,264,1.73537945359687,1.73537945359687,0.819405594405594,"lsl"
"blast_c_210",2,21,1,0,12,252,24,24,264,Inf,Inf,0.988636363636364,"lsl"
"blast_c_211",0,17,4,3,11,253,21,24,264,2.88201377649825,2.88201377649825,0.955486542443064,"lsl"
"blast_c_213",1,22,0,1,3,261,23,24,264,4.00965272915098,4.00965272915098,0.986499174655097,"lsl"
"blast_c_216",1,21,1,1,6,258,23,24,264,3.73208796522823,3.73208796522823,0.983412231516377,"lsl"
"blast_c_220",0,24,0,0,0,264,24,24,264,Inf,Inf,1,"lsl"
"blast_c_230",2,20,0,2,0,264,22,24,264,Inf,Inf,0.979166666666667,"lsl"
"blast_c_232",0,24,0,0,0,264,24,24,264,Inf,Inf,1,"lsl"
"blast_c_233",1,23,0,0,0,264,24,24,264,Inf,Inf,1,"lsl"
"blast_c_265",0,24,0,0,0,264,24,24,264,Inf,Inf,1,"lsl"
"blast_c_267",1,22,0,1,1,263,23,24,264,4.4020792809031,4.4020792809031,0.988555583943251,"lsl"
"blast_c_268",1,21,0,2,1,263,22,24,264,4.05340901188149,4.05340901188149,0.978054394620243,"lsl"
"blast_c_269",2,10,8,4,10,254,20,24,264,2.74327197991579,2.74327197991579,0.94532927702219,"lsl"
"blast_c_403",0,22,1,1,0,264,23,24,264,Inf,Inf,0.989583333333333,"lsl"
"blast_c_406",0,14,2,8,4,260,16,24,264,2.59683405218779,2.59683405218779,0.909702797202797,"lsl"
"blast_c_409",0,24,0,0,0,264,24,24,264,Inf,Inf,1,"lsl"
"blast_c_410",3,21,0,0,2,262,24,24,264,Inf,Inf,0.998106060606061,"lsl"
"blast_c_412",0,24,0,0,2,262,24,24,264,Inf,Inf,0.998106060606061,"lsl"
"blast_c_418",2,22,0,0,3,261,24,24,264,Inf,Inf,0.997159090909091,"lsl"
"blast_c_423",1,14,2,7,3,261,17,24,264,2.82651061572683,2.82651061572683,0.922234515540804,"lsl"
"blast_c_427",2,20,1,1,19,245,23,24,264,3.19294156094099,3.19294156094099,0.970000806646769,"lsl"
"blast_c_428",0,20,2,2,1,263,22,24,264,4.05340901188149,4.05340901188149,0.978054394620243,"lsl"
"blast_c_429",0,3,11,10,1,263,14,24,264,2.88084327902878,2.88084327902878,0.893813885734038,"lsl"
"blast_c_438",1,22,1,0,4,260,24,24,264,Inf,Inf,0.996212121212121,"lsl"
"blast_c_439",1,22,0,1,2,262,23,24,264,4.16040148281452,4.16040148281452,0.987527532208913,"lsl"
"blast_c_440",3,16,1,4,0,264,20,24,264,Inf,Inf,0.958333333333333,"lsl"
"blast_c_444",4,19,0,1,1,263,23,24,264,4.4020792809031,4.4020792809031,0.988555583943251,"lsl"
"blast_c_449",1,19,2,2,3,261,22,24,264,3.66098246012937,3.66098246012937,0.975828029511415,"lsl"
"blast_c_450",0,24,0,0,2,262,24,24,264,Inf,Inf,0.998106060606061,"lsl"
"blast_c_451",3,20,1,0,3,261,24,24,264,Inf,Inf,0.997159090909091,"lsl"
"blast_c_454",1,23,0,0,5,259,24,24,264,Inf,Inf,0.995265151515151,"lsl"
"blast_c_457",0,22,2,0,0,264,24,24,264,Inf,Inf,1,"lsl"
"blast_c_461",3,20,1,0,11,253,24,24,264,Inf,Inf,0.989583333333333,"lsl"
"blast_c_462",0,21,1,2,0,264,22,24,264,Inf,Inf,0.979166666666667,"lsl"
"blast_c_467",1,22,0,1,11,253,23,24,264,3.46332879224449,3.46332879224449,0.978260869565217,"lsl"
"blast_c_469",1,20,1,2,1,263,22,24,264,4.05340901188149,4.05340901188149,0.978054394620243,"lsl"
"blast_c_470",3,18,1,2,9,255,22,24,264,3.20679740487948,3.20679740487948,0.969133851887862,"lsl"
"blast_c_471",0,22,1,1,1,263,23,24,264,4.4020792809031,4.4020792809031,0.988555583943251,"lsl"
"blast_c_475",2,19,2,1,1,263,23,24,264,4.4020792809031,4.4020792809031,0.988555583943251,"lsl"
"blast_c_476",1,23,0,0,2,262,24,24,264,Inf,Inf,0.998106060606061,"lsl"
"blast_c_478",2,21,0,1,3,261,23,24,264,4.00965272915098,4.00965272915098,0.986499174655097,"lsl"
"blast_c_479",2,21,0,1,1,263,23,24,264,4.4020792809031,4.4020792809031,0.988555583943251,"lsl"
"blast_c_481",1,23,0,0,1,263,24,24,264,Inf,Inf,0.99905303030303,"lsl"
"blast_c_483",2,21,0,1,1,263,23,24,264,4.4020792809031,4.4020792809031,0.988555583943251,"lsl"
"blast_c_484",0,23,0,1,1,263,23,24,264,4.4020792809031,4.4020792809031,0.988555583943251,"lsl"
"blast_c_485",2,18,0,4,2,262,20,24,264,3.39615865279398,3.39615865279398,0.955742539902845,"lsl"
"blast_c_487",0,17,4,3,1,263,21,24,264,3.82076426515686,3.82076426515686,0.967548927624973,"lsl"
"blast_c_488",2,22,0,0,0,264,24,24,264,Inf,Inf,1,"lsl"
"blast_c_491",4,19,0,1,5,259,23,24,264,3.80782837135455,3.80782837135455,0.984441527919789,"lsl"
"blast_c_493",0,23,1,0,11,253,24,24,264,Inf,Inf,0.989583333333333,"lsl"
"blast_c_497",0,21,1,2,2,262,22,24,264,3.81173121379292,3.81173121379292,0.976941517885307,"lsl"
"blast_c_498",1,20,1,2,1,263,22,24,264,4.05340901188149,4.05340901188149,0.978054394620243,"lsl"
"blast_c_499",1,22,0,1,5,259,23,24,264,3.80782837135455,3.80782837135455,0.984441527919789,"lsl"
"spoli_c_008",0,21,1,2,0,264,22,24,264,Inf,Inf,0.979166666666667,"lsl"
"spoli_c_030",0,17,4,3,1,263,21,24,264,3.82076426515686,3.82076426515686,0.967548927624973,"lsl"
"spoli_c_049",0,24,0,0,0,264,24,24,264,Inf,Inf,1,"lsl"
"spoli_c_071",7,0,1,16,71,193,8,24,264,0.185296537208688,0.185296537208688,0.570316179934056,"lsl"
"spoli_c_076",1,20,0,3,0,264,21,24,264,Inf,Inf,0.96875,"lsl"
"spoli_c_078",1,23,0,0,0,264,24,24,264,Inf,Inf,1,"lsl"
"spoli_c_088",0,22,1,1,1,263,23,24,264,4.4020792809031,4.4020792809031,0.988555583943251,"lsl"
"spoli_c_090",0,18,1,5,0,264,19,24,264,Inf,Inf,0.947916666666667,"lsl"
"spoli_c_093",0,23,1,0,1,263,24,24,264,Inf,Inf,0.99905303030303,"lsl"
"spoli_c_097",0,24,0,0,0,264,24,24,264,Inf,Inf,1,"lsl"
"spoli_c_125",5,9,1,9,17,247,15,24,264,1.83753853078166,1.83753853078166,0.874039995092627,"lsl"
"spoli_c_342",0,23,0,1,4,260,23,24,264,3.89777114901457,3.89777114901457,0.985470507753117,"lsl"
"spoli_c_343",0,21,0,3,1,263,21,24,264,3.82076426515686,3.82076426515686,0.967548927624973,"lsl"
"spoli_c_346",1,1,0,22,34,230,2,24,264,-0.250854548560411,-0.250854548560411,0.399368011667477,"lsl"
"spoli_c_379",0,19,2,3,6,258,21,24,264,3.15077294948199,3.15077294948199,0.961529749320447,"lsl"
"spoli_c_391",0,22,0,2,4,260,22,24,264,3.54910087999297,3.54910087999297,0.974713922441195,"lsl"
"spoli_c_396",2,14,3,5,11,253,19,24,264,2.54388219762216,2.54388219762216,0.932494279176201,"lsl"
"spoli_c_410",1,19,1,3,2,262,21,24,264,3.57908646706829,3.57908646706829,0.966346948217177,"lsl"
"spoli_c_419",0,24,0,0,0,264,24,24,264,Inf,Inf,1,"lsl"
"spoli_c_439",7,17,0,0,5,259,24,24,264,Inf,Inf,0.995265151515151,"lsl"
"spoli_c_444",0,21,1,2,6,258,22,24,264,3.38341769620662,3.38341769620662,0.972483823435198,"lsl"
"spoli_c_447",3,16,3,2,20,244,22,24,264,2.81719428678702,2.81719428678702,0.956797859368649,"lsl"
"spoli_c_448",1,18,4,1,6,258,23,24,264,3.73208796522823,3.73208796522823,0.983412231516377,"lsl"
"spoli_c_450",0,24,0,0,0,264,24,24,264,Inf,Inf,1,"lsl"
"spoli_c_451",2,18,2,2,14,250,22,24,264,2.99915004894313,2.99915004894313,0.963537190082645,"lsl"
"spoli_c_452",0,19,4,1,1,263,23,24,264,4.4020792809031,4.4020792809031,0.988555583943251,"lsl"
"spoli_c_478",2,18,1,3,3,261,21,24,264,3.42833771340474,3.42833771340474,0.965144051350948,"lsl"
"spoli_c_487",3,20,0,1,18,246,23,24,264,3.22113443845019,3.22113443845019,0.97103457694656,"lsl"
"spoli_c_494",1,14,5,4,6,258,20,24,264,2.96784513520768,2.96784513520768,0.95054615926709,"lsl"
"spoli_c_500",0,24,0,0,6,258,24,24,264,Inf,Inf,0.994318181818182,"lsl"
"spoli_c_501",0,22,0,2,8,256,22,24,264,3.25935268899523,3.25935268899523,0.970251162190083,"lsl"
"spoli_c_508",0,18,3,3,2,262,21,24,264,3.57908646706829,3.57908646706829,0.966346948217177,"lsl"
"spoli_c_522",1,14,2,7,6,258,17,24,264,2.54894585180408,2.54894585180408,0.917366206524893,"lsl"
"spoli_c_537",0,14,5,5,17,247,19,24,264,2.33111696831719,2.33111696831719,0.923997055576003,"lsl"
"spoli_c_563",1,22,0,1,0,264,23,24,264,Inf,Inf,0.989583333333333,"lsl"
"spoli_c_583",0,22,0,2,1,263,22,24,264,4.05340901188149,4.05340901188149,0.978054394620243,"lsl"
"spoli_c_608",0,24,0,0,0,264,24,24,264,Inf,Inf,1,"lsl"
"spoli_c_617",1,22,1,0,0,264,24,24,264,Inf,Inf,1,"lsl"
"spoli_c_639",0,21,2,1,0,264,23,24,264,Inf,Inf,0.989583333333333,"lsl"
"spoli_c_640",3,17,1,3,9,255,21,24,264,2.97415265815485,2.97415265815485,0.95790679908327,"lsl"
"spoli_c_644",0,16,3,5,2,262,19,24,264,3.24095488819219,3.24095488819219,0.945126739471858,"lsl"
"spoli_c_647",1,19,3,1,0,264,23,24,264,Inf,Inf,0.989583333333333,"lsl"
"spoli_c_651",0,24,0,0,0,264,24,24,264,Inf,Inf,1,"lsl"
"spoli_c_677",2,7,0,15,10,254,9,24,264,1.45721104984971,1.45721104984971,0.812345899944325,"lsl"
"spoli_c_697",2,22,0,0,4,260,24,24,264,Inf,Inf,0.996212121212121,"lsl"
"spoli_c_705",1,22,0,1,1,263,23,24,264,4.4020792809031,4.4020792809031,0.988555583943251,"lsl"
"spoli_c_715",0,0,0,24,1,263,0,24,264,-Inf,-Inf,0.24905303030303,"lsl"
"spoli_c_727",1,22,0,1,1,263,23,24,264,4.4020792809031,4.4020792809031,0.988555583943251,"lsl"
"spoli_c_730",0,22,0,2,0,264,22,24,264,Inf,Inf,0.979166666666667,"lsl"
"spoli_c_740",0,22,1,1,1,263,23,24,264,4.4020792809031,4.4020792809031,0.988555583943251,"lsl"
"spoli_c_760",0,20,2,2,0,264,22,24,264,Inf,Inf,0.979166666666667,"lsl"
"spoli_c_768",1,22,0,1,1,263,23,24,264,4.4020792809031,4.4020792809031,0.988555583943251,"lsl"
"spoli_c_777",3,19,1,1,7,257,23,24,264,3.6663384762215,3.6663384762215,0.982382614847511,"lsl"
"blast_c_002",0,18,3,3,9,255,21,24,264,2.97415265815485,2.97415265815485,0.95790679908327,"vsl"
"blast_c_009",0,24,0,0,4,260,24,24,264,Inf,Inf,0.996212121212121,"vsl"
"blast_c_019",1,13,1,9,1,263,15,24,264,2.98905424874523,2.98905424874523,0.904378384606521,"vsl"
"blast_c_028",0,19,3,2,2,262,22,24,264,3.81173121379292,3.81173121379292,0.976941517885307,"vsl"
"blast_c_034",0,19,2,3,5,259,21,24,264,3.22651335560831,3.22651335560831,0.962735462735463,"vsl"
"blast_c_036",1,18,0,5,2,262,19,24,264,3.24095488819219,3.24095488819219,0.945126739471858,"vsl"
"blast_c_038",1,22,0,1,15,249,23,24,264,3.3137222508316,3.3137222508316,0.974133688905821,"vsl"
"blast_c_045",1,23,0,0,0,264,24,24,264,Inf,Inf,1,"vsl"
"blast_c_059",1,18,1,4,1,263,20,24,264,3.63783645088255,3.63783645088255,0.957038541306602,"vsl"
"blast_c_061",0,22,0,2,5,259,22,24,264,3.45915810233294,3.45915810233294,0.97359918950828,"vsl"
"blast_c_071",1,23,0,0,4,260,24,24,264,Inf,Inf,0.996212121212121,"vsl"
"blast_c_073",1,13,0,10,4,260,14,24,264,2.37653514714025,2.37653514714025,0.887737262737263,"vsl"
"blast_c_085",0,7,1,16,1,263,8,24,264,2.2396875854854,2.2396875854854,0.829858710680954,"vsl"
"blast_c_088",0,19,2,3,1,263,21,24,264,3.82076426515686,3.82076426515686,0.967548927624973,"vsl"
"blast_c_092",1,22,0,1,3,261,23,24,264,4.00965272915098,4.00965272915098,0.986499174655097,"vsl"
"blast_c_095",2,21,0,1,7,257,23,24,264,3.6663384762215,3.6663384762215,0.982382614847511,"vsl"
"blast_c_096",0,22,0,2,1,263,22,24,264,4.05340901188149,4.05340901188149,0.978054394620243,"vsl"
"blast_c_097",1,21,0,2,0,264,22,24,264,Inf,Inf,0.979166666666667,"vsl"
"blast_c_101",0,23,1,0,3,261,24,24,264,Inf,Inf,0.997159090909091,"vsl"
"blast_c_109",1,22,1,0,5,259,24,24,264,Inf,Inf,0.995265151515151,"vsl"
"blast_c_118",1,21,1,1,11,253,23,24,264,3.46332879224449,3.46332879224449,0.978260869565217,"vsl"
"blast_c_122",0,22,0,2,0,264,22,24,264,Inf,Inf,0.979166666666667,"vsl"
"blast_c_124",1,23,0,0,1,263,24,24,264,Inf,Inf,0.99905303030303,"vsl"
"blast_c_147",2,18,2,2,3,261,22,24,264,3.66098246012937,3.66098246012937,0.975828029511415,"vsl"
"blast_c_149",0,21,1,2,2,262,22,24,264,3.81173121379292,3.81173121379292,0.976941517885307,"vsl"
"blast_c_150",0,22,1,1,1,263,23,24,264,4.4020792809031,4.4020792809031,0.988555583943251,"vsl"
"blast_c_164",0,18,3,3,0,264,21,24,264,Inf,Inf,0.96875,"vsl"
"blast_c_165",0,22,0,2,0,264,22,24,264,Inf,Inf,0.979166666666667,"vsl"
"blast_c_168",0,23,0,1,2,262,23,24,264,4.16040148281452,4.16040148281452,0.987527532208913,"vsl"
"blast_c_186",0,24,0,0,1,263,24,24,264,Inf,Inf,0.99905303030303,"vsl"
"blast_c_193",3,21,0,0,2,262,24,24,264,Inf,Inf,0.998106060606061,"vsl"
"blast_c_204",0,21,2,1,2,262,23,24,264,4.16040148281452,4.16040148281452,0.987527532208913,"vsl"
"blast_c_206",0,22,1,1,1,263,23,24,264,4.4020792809031,4.4020792809031,0.988555583943251,"vsl"
"blast_c_209",2,6,1,15,14,250,9,24,264,1.29751655787812,1.29751655787812,0.799646464646465,"vsl"
"blast_c_210",1,20,1,2,14,250,22,24,264,2.99915004894313,2.99915004894313,0.963537190082645,"vsl"
"blast_c_211",0,20,1,3,4,260,21,24,264,3.31645613326834,3.31645613326834,0.963940226440226,"vsl"
"blast_c_213",0,24,0,0,1,263,24,24,264,Inf,Inf,0.99905303030303,"vsl"
"blast_c_216",0,22,0,2,2,262,22,24,264,3.81173121379292,3.81173121379292,0.976941517885307,"vsl"
"blast_c_220",0,24,0,0,2,262,24,24,264,Inf,Inf,0.998106060606061,"vsl"
"blast_c_224",0,23,1,0,0,264,24,24,264,Inf,Inf,1,"vsl"
"blast_c_231",0,24,0,0,4,260,24,24,264,Inf,Inf,0.996212121212121,"vsl"
"blast_c_232",0,24,0,0,2,262,24,24,264,Inf,Inf,0.998106060606061,"vsl"
"blast_c_233",2,22,0,0,0,264,24,24,264,Inf,Inf,1,"vsl"
"blast_c_265",0,22,2,0,0,264,24,24,264,Inf,Inf,1,"vsl"
"blast_c_267",0,24,0,0,3,261,24,24,264,Inf,Inf,0.997159090909091,"vsl"
"blast_c_268",1,21,0,2,1,263,22,24,264,4.05340901188149,4.05340901188149,0.978054394620243,"vsl"
"blast_c_406",0,22,0,2,10,254,22,24,264,3.15884454091472,3.15884454091472,0.968015878180517,"vsl"
"blast_c_409",1,23,0,0,0,264,24,24,264,Inf,Inf,1,"vsl"
"blast_c_410",1,22,1,0,9,255,24,24,264,Inf,Inf,0.991477272727273,"vsl"
"blast_c_420",0,20,1,3,3,261,21,24,264,3.42833771340474,3.42833771340474,0.965144051350948,"vsl"
"blast_c_423",3,18,0,3,6,258,21,24,264,3.15077294948199,3.15077294948199,0.961529749320447,"vsl"
"blast_c_426",1,22,0,1,0,264,23,24,264,Inf,Inf,0.989583333333333,"vsl"
"blast_c_427",1,23,0,0,0,264,24,24,264,Inf,Inf,1,"vsl"
"blast_c_428",1,20,1,2,2,262,22,24,264,3.81173121379292,3.81173121379292,0.976941517885307,"vsl"
"blast_c_429",1,21,1,1,3,261,23,24,264,4.00965272915098,4.00965272915098,0.986499174655097,"vsl"
"blast_c_438",2,21,1,0,3,261,24,24,264,Inf,Inf,0.997159090909091,"vsl"
"blast_c_439",0,22,2,0,0,264,24,24,264,Inf,Inf,1,"vsl"
"blast_c_440",2,14,2,6,2,262,18,24,264,3.10322683688836,3.10322683688836,0.934497648238106,"vsl"
"blast_c_444",1,22,0,1,0,264,23,24,264,Inf,Inf,0.989583333333333,"vsl"
"blast_c_449",0,24,0,0,2,262,24,24,264,Inf,Inf,0.998106060606061,"vsl"
"blast_c_450",1,23,0,0,9,255,24,24,264,Inf,Inf,0.991477272727273,"vsl"
"blast_c_451",0,23,1,0,6,258,24,24,264,Inf,Inf,0.994318181818182,"vsl"
"blast_c_454",0,20,1,3,6,258,21,24,264,3.15077294948199,3.15077294948199,0.961529749320447,"vsl"
"blast_c_456",0,21,0,3,0,264,21,24,264,Inf,Inf,0.96875,"vsl"
"blast_c_457",0,24,0,0,1,263,24,24,264,Inf,Inf,0.99905303030303,"vsl"
"blast_c_461",2,20,0,2,11,253,22,24,264,3.11465852322288,3.11465852322288,0.966897233201581,"vsl"
"blast_c_462",0,21,0,3,2,262,21,24,264,3.57908646706829,3.57908646706829,0.966346948217177,"vsl"
"blast_c_467",0,20,2,2,0,264,22,24,264,Inf,Inf,0.979166666666667,"vsl"
"blast_c_468",8,8,4,4,57,207,20,24,264,1.7535057290189,1.7535057290189,0.882087176108915,"vsl"
"blast_c_469",0,19,1,4,1,263,20,24,264,3.63783645088255,3.63783645088255,0.957038541306602,"vsl"
"blast_c_470",0,22,2,0,2,262,24,24,264,Inf,Inf,0.998106060606061,"vsl"
"blast_c_471",2,20,0,2,0,264,22,24,264,Inf,Inf,0.979166666666667,"vsl"
"blast_c_475",0,23,0,1,0,264,23,24,264,Inf,Inf,0.989583333333333,"vsl"
"blast_c_476",2,21,1,0,0,264,24,24,264,Inf,Inf,1,"vsl"
"blast_c_478",1,22,0,1,4,260,23,24,264,3.89777114901457,3.89777114901457,0.985470507753117,"vsl"
"blast_c_479",0,22,2,0,1,263,24,24,264,Inf,Inf,0.99905303030303,"vsl"
"blast_c_481",0,23,0,1,3,261,23,24,264,4.00965272915098,4.00965272915098,0.986499174655097,"vsl"
"blast_c_483",1,22,0,1,4,260,23,24,264,3.89777114901457,3.89777114901457,0.985470507753117,"vsl"
"blast_c_484",0,24,0,0,1,263,24,24,264,Inf,Inf,0.99905303030303,"vsl"
"blast_c_485",0,1,0,23,4,260,1,24,264,0.434442356770083,0.434442356770083,0.665821678321678,"vsl"
"blast_c_487",0,22,1,1,1,263,23,24,264,4.4020792809031,4.4020792809031,0.988555583943251,"vsl"
"blast_c_488",0,22,0,2,5,259,22,24,264,3.45915810233294,3.45915810233294,0.97359918950828,"vsl"
"blast_c_491",2,17,4,1,0,264,23,24,264,Inf,Inf,0.989583333333333,"vsl"
"blast_c_492",0,21,2,1,2,262,23,24,264,4.16040148281452,4.16040148281452,0.987527532208913,"vsl"
"blast_c_493",1,15,3,5,8,256,19,24,264,2.68857636339451,2.68857636339451,0.936719684509569,"vsl"
"blast_c_497",0,24,0,0,1,263,24,24,264,Inf,Inf,0.99905303030303,"vsl"
"blast_c_498",1,17,0,6,6,258,18,24,264,2.67491331930206,2.67491331930206,0.92847075405215,"vsl"
"blast_c_499",1,23,0,0,1,263,24,24,264,Inf,Inf,0.99905303030303,"vsl"
"spoli_c_008",0,24,0,0,0,264,24,24,264,Inf,Inf,1,"vsl"
"spoli_c_014",1,20,2,1,7,257,23,24,264,3.6663384762215,3.6663384762215,0.982382614847511,"vsl"
"spoli_c_049",1,23,0,0,0,264,24,24,264,Inf,Inf,1,"vsl"
"spoli_c_054",0,24,0,0,0,264,24,24,264,Inf,Inf,1,"vsl"
"spoli_c_071",7,0,0,17,65,199,7,24,264,0.137935873135846,0.137935873135846,0.554036415845461,"vsl"
"spoli_c_076",1,23,0,0,0,264,24,24,264,Inf,Inf,1,"vsl"
"spoli_c_078",0,24,0,0,2,262,24,24,264,Inf,Inf,0.998106060606061,"vsl"
"spoli_c_088",0,21,1,2,0,264,22,24,264,Inf,Inf,0.979166666666667,"vsl"
"spoli_c_090",0,22,0,2,2,262,22,24,264,3.81173121379292,3.81173121379292,0.976941517885307,"vsl"
"spoli_c_093",4,18,1,1,9,255,23,24,264,3.55546767390109,3.55546767390109,0.980322405642099,"vsl"
"spoli_c_097",1,21,1,1,0,264,23,24,264,Inf,Inf,0.989583333333333,"vsl"
"spoli_c_125",0,17,2,5,1,263,19,24,264,3.48263268628077,3.48263268628077,0.946522458929903,"vsl"
"spoli_c_126",0,22,1,1,2,262,23,24,264,4.16040148281452,4.16040148281452,0.987527532208913,"vsl"
"spoli_c_342",0,23,0,1,2,262,23,24,264,4.16040148281452,4.16040148281452,0.987527532208913,"vsl"
"spoli_c_379",3,14,1,6,5,259,18,24,264,2.75065372542839,2.75065372542839,0.929980304980305,"vsl"
"spoli_c_391",0,22,0,2,0,264,22,24,264,Inf,Inf,0.979166666666667,"vsl"
"spoli_c_396",0,23,0,1,0,264,23,24,264,Inf,Inf,0.989583333333333,"vsl"
"spoli_c_409",0,20,2,2,5,259,22,24,264,3.45915810233294,3.45915810233294,0.97359918950828,"vsl"
"spoli_c_419",1,23,0,0,0,264,24,24,264,Inf,Inf,1,"vsl"
"spoli_c_426",3,17,1,3,3,261,21,24,264,3.42833771340474,3.42833771340474,0.965144051350948,"vsl"
"spoli_c_439",2,5,1,16,11,253,8,24,264,1.30093709682679,1.30093709682679,0.794836956521739,"vsl"
"spoli_c_444",2,19,2,1,42,222,23,24,264,2.72986556827513,2.72986556827513,0.946110636328028,"vsl"
"spoli_c_447",1,16,2,5,1,263,19,24,264,3.48263268628077,3.48263268628077,0.946522458929903,"vsl"
"spoli_c_448",1,22,1,0,4,260,24,24,264,Inf,Inf,0.996212121212121,"vsl"
"spoli_c_450",0,24,0,0,2,262,24,24,264,Inf,Inf,0.998106060606061,"vsl"
"spoli_c_452",1,21,0,2,3,261,22,24,264,3.66098246012937,3.66098246012937,0.975828029511415,"vsl"
"spoli_c_477",0,23,0,1,1,263,23,24,264,4.4020792809031,4.4020792809031,0.988555583943251,"vsl"
"spoli_c_478",2,19,1,2,6,258,22,24,264,3.38341769620662,3.38341769620662,0.972483823435198,"vsl"
"spoli_c_487",2,21,0,1,3,261,23,24,264,4.00965272915098,4.00965272915098,0.986499174655097,"vsl"
"spoli_c_491",0,23,1,0,1,263,24,24,264,Inf,Inf,0.99905303030303,"vsl"
"spoli_c_494",2,2,6,14,14,250,10,24,264,1.40572752759457,1.40572752759457,0.814181818181818,"vsl"
"spoli_c_500",1,21,1,1,1,263,23,24,264,4.4020792809031,4.4020792809031,0.988555583943251,"vsl"
"spoli_c_501",0,24,0,0,4,260,24,24,264,Inf,Inf,0.996212121212121,"vsl"
"spoli_c_521",4,19,0,1,0,264,23,24,264,Inf,Inf,0.989583333333333,"vsl"
"spoli_c_522",0,23,0,1,1,263,23,24,264,4.4020792809031,4.4020792809031,0.988555583943251,"vsl"
"spoli_c_537",0,17,2,5,2,262,19,24,264,3.24095488819219,3.24095488819219,0.945126739471858,"vsl"
"spoli_c_608",0,24,0,0,0,264,24,24,264,Inf,Inf,1,"vsl"
"spoli_c_617",0,22,0,2,0,264,22,24,264,Inf,Inf,0.979166666666667,"vsl"
"spoli_c_639",1,23,0,0,1,263,24,24,264,Inf,Inf,0.99905303030303,"vsl"
"spoli_c_640",2,17,3,2,12,252,22,24,264,3.07361575668554,3.07361575668554,0.965777908959727,"vsl"
"spoli_c_647",0,12,6,6,4,260,18,24,264,2.84059650308841,2.84059650308841,0.931487956487957,"vsl"
"spoli_c_651",1,7,0,16,10,254,8,24,264,1.34512311451863,1.34512311451863,0.798362562634216,"vsl"
"spoli_c_677",1,19,1,3,1,263,21,24,264,3.82076426515686,3.82076426515686,0.967548927624973,"vsl"
"spoli_c_697",0,24,0,0,2,262,24,24,264,Inf,Inf,0.998106060606061,"vsl"
"spoli_c_705",1,16,5,2,4,260,22,24,264,3.54910087999297,3.54910087999297,0.974713922441195,"vsl"
"spoli_c_715",0,23,0,1,5,259,23,24,264,3.80782837135455,3.80782837135455,0.984441527919789,"vsl"
"spoli_c_724",0,22,0,2,0,264,22,24,264,Inf,Inf,0.979166666666667,"vsl"
"spoli_c_727",1,12,0,11,0,264,13,24,264,Inf,Inf,0.885416666666667,"vsl"
"spoli_c_730",1,20,0,3,4,260,21,24,264,3.31645613326834,3.31645613326834,0.963940226440226,"vsl"
"spoli_c_740",0,15,3,6,4,260,18,24,264,2.84059650308841,2.84059650308841,0.931487956487957,"vsl"
"spoli_c_743",0,18,2,4,3,261,20,24,264,3.24540989913044,3.24540989913044,0.954445315221177,"vsl"
"spoli_c_744",1,22,1,0,7,257,24,24,264,Inf,Inf,0.993371212121212,"vsl"
"spoli_c_751",7,16,1,0,12,252,24,24,264,Inf,Inf,0.988636363636364,"vsl"
"spoli_c_768",0,21,1,2,1,263,22,24,264,4.05340901188149,4.05340901188149,0.978054394620243,"vsl"
"spoli_c_777",0,22,1,1,1,263,23,24,264,4.4020792809031,4.4020792809031,0.988555583943251,"vsl"
"blast_c_002",1,9,13,25,18,509,23,48,527,1.77070329209151,1.77070329209151,0.847366737915335,"ssl"
"blast_c_019",0,29,11,7,6,522,40,47,528,3.31899524478485,3.31899524478485,0.958999911764379,"ssl"
"blast_c_028",1,1,14,32,19,508,16,48,527,1.36771931244182,1.36771931244182,0.800059889335465,"ssl"
"blast_c_034",12,6,2,27,102,426,20,47,528,0.678469515672013,0.678469515672013,0.708501486433105,"ssl"
"blast_c_036",1,27,11,9,10,517,39,48,527,2.96253375251348,2.96253375251348,0.946379763172554,"ssl"
"blast_c_038",3,3,23,18,23,505,29,47,528,2.00844967055863,2.00844967055863,0.882245114414229,"ssl"
"blast_c_045",0,9,36,2,33,495,45,47,528,3.25591707675361,3.25591707675361,0.972333037825059,"ssl"
"blast_c_059",0,1,15,32,8,519,16,48,527,1.73462741434581,1.73462741434581,0.819379091060876,"ssl"
"blast_c_061",5,12,15,16,47,480,32,48,527,1.77652390178415,1.77652390178415,0.875062921674046,"ssl"
"blast_c_071",7,15,14,12,59,468,36,48,527,1.89068929153765,1.89068929153765,0.892302573428048,"ssl"
"blast_c_073",6,4,2,36,50,477,12,48,527,0.636819451968376,0.636819451968376,0.69796925160813,"ssl"
"blast_c_081",0,0,0,47,0,528,0,47,528,NA,NA,NA,"ssl"
"blast_c_085",2,8,18,20,31,496,28,48,527,1.77515486560972,1.77515486560972,0.864112832633053,"ssl"
"blast_c_088",9,4,12,23,89,438,25,48,527,1.01084395360233,1.01084395360233,0.774804485665971,"ssl"
"blast_c_092",7,7,14,20,39,488,28,48,527,1.65703337605608,1.65703337605608,0.855792626080046,"ssl"
"blast_c_095",8,10,16,14,143,384,34,48,527,1.1572657400797,1.1572657400797,0.804159853341341,"ssl"
"blast_c_096",8,3,8,28,68,460,19,47,528,0.889791726798425,0.889791726798425,0.749402042972202,"ssl"
"blast_c_097",1,3,19,25,19,508,23,48,527,1.74620143136134,1.74620143136134,0.846111340766746,"ssl"
"blast_c_109",4,12,24,7,10,518,40,47,528,3.11717088698842,3.11717088698842,0.956483706566818,"ssl"
"blast_c_121",2,1,9,36,21,506,12,48,527,1.077960631582,1.077960631582,0.764870182103187,"ssl"
"blast_c_124",0,32,12,4,2,525,44,48,527,4.05277249729397,4.05277249729397,0.978052283474484,"ssl"
"blast_c_147",5,9,14,20,89,438,28,48,527,1.16902716747432,1.16902716747432,0.802289709152184,"ssl"
"blast_c_149",1,1,8,38,29,498,10,48,527,0.785719524656429,0.785719524656429,0.724523909997993,"ssl"
"blast_c_150",0,28,10,9,2,526,38,47,528,3.54283593049804,3.54283593049804,0.950774383472766,"ssl"
"blast_c_165",1,0,25,22,15,513,26,48,528,2.00934035377081,2.00934035377081,0.868954388691231,"ssl"
"blast_c_168",0,16,21,11,15,513,37,48,528,2.64630094201825,2.64630094201825,0.9318193791878,"ssl"
"blast_c_186",1,27,2,18,6,522,30,48,528,2.59662769699311,2.59662769699311,0.900626959247649,"ssl"
"blast_c_193",20,4,9,15,181,346,33,48,527,0.89183242128115,0.89183242128115,0.756113956005249,"ssl"
"blast_c_204",0,4,9,35,10,517,13,48,527,1.46509258330827,1.46509258330827,0.796666691193998,"ssl"
"blast_c_206",0,10,31,6,6,522,41,47,528,3.41551268850129,3.41551268850129,0.964461616640611,"ssl"
"blast_c_207",8,11,8,21,101,427,27,48,528,1.03047089805816,1.03047089805816,0.779737263343821,"ssl"
"blast_c_209",1,5,16,26,13,515,22,48,528,1.86185318305668,1.86185318305668,0.847735296477574,"ssl"
"blast_c_210",3,3,1,41,47,481,7,48,528,0.292372098850209,0.292372098850209,0.612995112995113,"ssl"
"blast_c_213",0,15,24,9,15,513,39,48,528,2.79185345717561,2.79185345717561,0.943013127223653,"ssl"
"blast_c_216",1,14,20,13,17,511,35,48,528,2.45973713776461,2.45973713776461,0.919000177904287,"ssl"
"blast_c_220",0,22,23,3,1,527,45,48,528,4.42942754400438,4.42942754400438,0.983840300538593,"ssl"
"blast_c_224",0,11,25,12,12,516,36,48,528,2.67491331930206,2.67491331930206,0.92847075405215,"ssl"
"blast_c_231",0,5,23,20,19,509,28,48,528,2.00973814220373,2.00973814220373,0.876522912254739,"ssl"
"blast_c_232",0,23,17,8,9,519,40,48,528,3.08641633438945,3.08641633438945,0.952497153617096,"ssl"
"blast_c_233",0,21,19,8,7,520,40,48,527,3.18526565378344,3.18526565378344,0.953787616163091,"ssl"
"blast_c_265",2,18,15,13,38,490,35,48,528,2.07157177500508,2.07157177500508,0.902365491651206,"ssl"
"blast_c_267",2,3,24,19,42,486,29,48,528,1.67228261797401,1.67228261797401,0.859574351432589,"ssl"
"blast_c_268",3,2,26,17,25,503,31,48,528,2.04522051453279,2.04522051453279,0.888729208327746,"ssl"
"blast_c_406",8,13,10,17,81,447,31,48,528,1.39601664369003,1.39601664369003,0.836029706023211,"ssl"
"blast_c_409",3,4,11,30,54,474,18,48,528,0.950068001427818,0.950068001427818,0.757767548906789,"ssl"
"blast_c_410",3,1,19,25,31,497,23,48,528,1.51343186657293,1.51343186657293,0.831037609053531,"ssl"
"blast_c_420",0,31,13,4,6,522,44,48,528,3.66098246012937,3.66098246012937,0.975828029511415,"ssl"
"blast_c_421",2,4,17,25,39,489,23,48,528,1.39536081767812,1.39536081767812,0.820869403558121,"ssl"
"blast_c_423",2,5,1,40,21,507,8,48,528,0.785907992686269,0.785907992686269,0.723378384436077,"ssl"
"blast_c_426",1,10,15,22,16,512,26,48,528,1.98099201750867,1.98099201750867,0.867849923513986,"ssl"
"blast_c_428",1,21,17,9,10,518,39,48,528,2.96331053425118,2.96331053425118,0.946392571392571,"ssl"
"blast_c_429",2,3,13,30,26,502,18,48,528,1.33360449675983,1.33360449675983,0.802829087689645,"ssl"
"blast_c_438",0,4,32,12,19,509,36,48,528,2.47379949815189,2.47379949815189,0.923172044611141,"ssl"
"blast_c_439",6,12,13,17,44,484,31,48,528,1.75708953729836,1.75708953729836,0.871151026392962,"ssl"
"blast_c_440",6,4,29,9,48,480,39,48,528,2.22232429513781,2.22232429513781,0.920465472027972,"ssl"
"blast_c_444",6,2,11,29,45,483,19,48,528,1.10659775414163,1.10659775414163,0.781058377168217,"ssl"
"blast_c_449",2,4,14,28,22,506,20,48,528,1.52123600187432,1.52123600187432,0.822826086956522,"ssl"
"blast_c_450",1,23,7,17,15,513,31,48,528,2.27880230835446,2.27880230835446,0.897872328262821,"ssl"
"blast_c_451",5,30,9,4,8,520,44,48,528,3.54910087999297,3.54910087999297,0.974713922441195,"ssl"
"blast_c_454",0,5,24,19,20,508,29,48,528,2.03999739064001,2.03999739064001,0.881471688100116,"ssl"
"blast_c_456",0,0,18,30,5,523,18,48,528,2.02808235894116,2.02808235894116,0.835943082836008,"ssl"
"blast_c_457",1,2,37,8,43,485,40,48,528,2.36287619391171,2.36287619391171,0.930207357075914,"ssl"
"blast_c_462",0,0,12,36,14,514,12,48,528,1.26018432990317,1.26018432990317,0.780877844593798,"ssl"
"blast_c_467",1,5,21,21,29,499,27,48,528,1.75618521271525,1.75618521271525,0.859857762663374,"ssl"
"blast_c_470",3,2,11,32,28,500,16,48,528,1.18542862254704,1.18542862254704,0.784227272727273,"ssl"
"blast_c_471",0,7,29,12,4,524,36,48,528,3.10322683688836,3.10322683688836,0.934497648238106,"ssl"
"blast_c_475",2,1,16,29,16,512,19,48,528,1.61221158506867,1.61221158506867,0.825099525269139,"ssl"
"blast_c_478",0,0,17,31,15,513,17,48,528,1.53061148795901,1.53061148795901,0.813767186832202,"ssl"
"blast_c_479",2,3,28,15,55,473,33,48,528,1.74693797217777,1.74693797217777,0.874911909795631,"ssl"
"blast_c_483",0,1,9,38,18,510,10,48,528,1.01158547627893,1.01158547627893,0.754188948306595,"ssl"
"blast_c_484",1,0,25,22,13,515,26,48,528,2.07112009428483,2.07112009428483,0.871160635481024,"ssl"
"blast_c_485",7,6,2,33,47,481,15,48,528,0.858068139505593,0.858068139505593,0.74011844011844,"ssl"
"blast_c_487",1,2,14,31,22,506,17,48,528,1.35756898592452,1.35756898592452,0.802109974424552,"ssl"
"blast_c_488",2,13,18,15,12,516,33,48,528,2.48919998022065,2.48919998022065,0.911793676724966,"ssl"
"blast_c_491",3,1,13,31,34,494,17,48,528,1.14480375661956,1.14480375661956,0.781974604343025,"ssl"
"blast_c_492",2,2,10,34,53,475,14,48,528,0.730873904733959,0.730873904733959,0.717118933697881,"ssl"
"blast_c_493",0,2,23,23,13,515,25,48,528,2.0187318190467,2.0187318190467,0.865366284201236,"ssl"
"blast_c_497",0,3,32,13,30,498,35,48,528,2.19235246489569,2.19235246489569,0.908732331925103,"ssl"
"blast_c_498",32,8,0,8,274,254,40,48,528,0.919929698981378,0.919929698981378,0.757704008589835,"ssl"
"spoli_c_008",1,1,10,36,55,473,12,48,528,0.583671810867015,0.583671810867015,0.686531007751938,"ssl"
"spoli_c_019",16,8,10,14,161,367,34,48,528,1.05881202956238,1.05881202956238,0.787475046991796,"ssl"
"spoli_c_049",0,0,2,46,48,480,2,48,528,-0.396486660003309,-0.396486660003309,0.351737483530962,"ssl"
"spoli_c_054",1,21,21,5,7,521,43,48,528,3.47674390962587,3.47674390962587,0.969908656713995,"ssl"
"spoli_c_071",6,33,5,4,81,447,44,48,528,2.40491536059294,2.40491536059294,0.933552655906225,"ssl"
"spoli_c_076",1,9,21,17,13,515,31,48,528,2.34058204886848,2.34058204886848,0.899692509182017,"ssl"
"spoli_c_078",0,18,21,9,5,523,39,48,528,3.23386828192441,3.23386828192441,0.949763111330989,"ssl"
"spoli_c_088",3,6,21,18,18,509,30,48,527,2.14158783643183,2.14158783643183,0.889272436745786,"ssl"
"spoli_c_093",2,4,14,28,49,479,20,48,528,1.11326148636728,1.11326148636728,0.783566616056178,"ssl"
"spoli_c_097",0,21,7,20,4,523,28,48,527,2.63847802779187,2.63847802779187,0.891783733477355,"ssl"
"spoli_c_125",0,2,4,42,2,526,6,48,528,1.52006550440484,1.52006550440484,0.772842493374813,"ssl"
"spoli_c_126",2,3,10,33,47,481,15,48,528,0.858068139505593,0.858068139505593,0.74011844011844,"ssl"
"spoli_c_379",0,3,4,41,5,523,7,48,528,1.29224927113548,1.29224927113548,0.768183059770058,"ssl"
"spoli_c_391",0,12,18,18,12,516,30,48,528,2.31906293307035,2.31906293307035,0.894978858350951,"ssl"
"spoli_c_396",1,0,32,15,24,504,33,48,528,2.17939804069957,2.17939804069957,0.901625836284927,"ssl"
"spoli_c_409",1,13,12,22,17,511,26,48,528,1.95407598319235,1.95407598319235,0.86674455681305,"ssl"
"spoli_c_410",2,6,18,22,20,508,26,48,528,1.88048386942816,1.88048386942816,0.863422994328506,"ssl"
"spoli_c_419",1,3,0,44,16,512,4,48,528,0.493364434793956,0.493364434793956,0.672762784090909,"ssl"
"spoli_c_439",7,11,14,16,43,485,32,48,528,1.82618192710546,1.82618192710546,0.878738577788191,"ssl"
"spoli_c_444",4,14,14,16,45,483,32,48,528,1.80147203026301,1.80147203026301,0.87694246423866,"ssl"
"spoli_c_447",3,11,20,14,15,513,34,48,528,2.45322918085483,2.45322918085483,0.914924529088616,"ssl"
"spoli_c_448",3,5,13,27,38,490,21,48,528,1.30396648020858,1.30396648020858,0.807343846629561,"ssl"
"spoli_c_450",1,14,15,18,10,518,30,48,528,2.39480333919668,2.39480333919668,0.896864396864397,"ssl"
"spoli_c_451",34,12,2,0,352,176,48,48,528,Inf,Inf,0.833333333333333,"ssl"
"spoli_c_452",11,9,10,18,82,446,30,48,528,1.33259051785908,1.33259051785908,0.826892240793586,"ssl"
"spoli_c_487",6,8,22,12,43,485,36,48,528,2.06994437800609,2.06994437800609,0.904812298240133,"ssl"
"spoli_c_491",2,12,30,4,42,486,44,48,528,2.79112976824873,2.79112976824873,0.955672040268,"ssl"
"spoli_c_494",1,8,14,25,20,508,23,48,528,1.72360523343815,1.72360523343815,0.844902508480906,"ssl"
"spoli_c_500",3,10,22,13,24,504,35,48,528,2.30091623977123,2.30091623977123,0.913483044733045,"ssl"
"spoli_c_501",1,9,17,21,35,493,27,48,528,1.66133246951024,1.66133246951024,0.853398761106672,"ssl"
"spoli_c_508",0,11,11,26,11,517,22,48,528,1.93220067608731,1.93220067608731,0.850338491295938,"ssl"
"spoli_c_521",0,1,0,47,4,524,1,48,528,0.391902954990891,0.391902954990891,0.662430603747398,"ssl"
"spoli_c_537",2,12,12,22,17,511,26,48,528,1.95407598319235,1.95407598319235,0.86674455681305,"ssl"
"spoli_c_565",5,5,12,26,62,466,22,48,528,1.08332828119243,1.08332828119243,0.782516936828291,"ssl"
"spoli_c_608",7,4,4,33,51,477,15,48,528,0.81244751397459,0.81244751397459,0.732475700400229,"ssl"
"spoli_c_617",0,1,18,29,34,494,19,48,528,1.25475218999136,1.25475218999136,0.797892896577107,"ssl"
"spoli_c_640",1,7,14,26,30,498,22,48,528,1.47742439909528,1.47742439909528,0.825433967274055,"ssl"
"spoli_c_644",5,8,3,32,34,494,16,48,528,1.08817186752182,1.08817186752182,0.773566893632683,"ssl"
"spoli_c_647",1,0,2,45,4,524,3,48,528,0.894616542339734,0.894616542339734,0.733532847559565,"ssl"
"spoli_c_651",0,1,1,46,44,484,2,48,528,-0.348670269021606,-0.348670269021606,0.364130434782609,"ssl"
"spoli_c_677",26,15,1,6,305,223,42,48,528,0.954460281356602,0.954460281356602,0.760965678566575,"ssl"
"spoli_c_697",4,33,9,2,57,471,46,48,528,2.96914397554626,2.96914397554626,0.960160662286112,"ssl"
"spoli_c_705",1,5,5,37,21,507,11,48,528,1.01173551492645,1.01173551492645,0.755921234942214,"ssl"
"spoli_c_715",19,14,4,11,174,354,37,48,528,1.18276269129414,1.18276269129414,0.807668415719263,"ssl"
"spoli_c_730",3,12,23,10,14,514,38,48,528,2.74689188159916,2.74689188159916,0.938124848733081,"ssl"
"spoli_c_740",4,3,29,12,31,497,36,48,528,2.24016679714495,2.24016679714495,0.914030902587241,"ssl"
"spoli_c_743",0,4,13,31,24,504,17,48,528,1.31652621938717,1.31652621938717,0.798767613105848,"ssl"
"spoli_c_751",1,16,19,12,13,515,36,48,528,2.64097638886684,2.64097638886684,0.927715259390017,"ssl"
"spoli_c_760",3,5,15,25,37,491,23,48,528,1.42298185560478,1.42298185560478,0.823418368579088,"ssl"
"spoli_c_768",3,9,23,13,27,501,35,48,528,2.24422852630728,2.24422852630728,0.911110247038391,"ssl"
"spoli_c_777",11,6,16,15,121,407,33,48,528,1.23037045497619,1.23037045497619,0.815315315315315,"ssl"
"blast_c_002",6,9,2,31,80,448,17,48,528,0.655861352027645,0.655861352027645,0.702757949770817,"tsl"
"blast_c_009",0,38,3,7,21,507,41,48,528,2.80780201055802,2.80780201055802,0.95039075995924,"tsl"
"blast_c_019",0,14,8,26,17,511,22,48,528,1.7448090719642,1.7448090719642,0.842516294415423,"tsl"
"blast_c_034",12,12,11,13,83,445,35,48,528,1.61633957787144,1.61633957787144,0.865766817452211,"tsl"
"blast_c_036",11,10,6,21,87,441,27,48,528,1.13234053241828,1.13234053241828,0.795815295815296,"tsl"
"blast_c_038",6,8,2,32,90,438,16,48,528,0.521643248192174,0.521643248192174,0.671245848899959,"tsl"
"blast_c_045",5,10,23,10,55,473,38,48,528,2.07037936256301,2.07037936256301,0.908965728274174,"tsl"
"blast_c_059",10,5,4,29,75,453,19,48,528,0.807027670000451,0.807027670000451,0.7342385162183,"tsl"
"blast_c_061",35,8,3,2,339,189,46,48,528,1.36773280139121,1.36773280139121,0.803409352322396,"tsl"
"blast_c_071",9,5,8,26,67,461,22,48,528,1.03656372153656,1.03656372153656,0.775687510084079,"tsl"
"blast_c_073",3,2,3,40,25,503,8,48,528,0.703703538233363,0.703703538233363,0.710289399963853,"tsl"
"blast_c_081",0,0,0,48,0,528,0,48,528,NA,NA,NA,"tsl"
"blast_c_085",8,10,11,19,63,465,29,48,528,1.44254901982564,1.44254901982564,0.838261367849799,"tsl"
"blast_c_088",6,9,9,24,91,437,24,48,528,0.944925386850574,0.944925386850574,0.762796009292005,"tsl"
"blast_c_092",8,8,12,20,63,465,28,48,528,1.38883043724764,1.38883043724764,0.830584066471163,"tsl"
"blast_c_095",5,13,12,18,95,433,30,48,528,1.23429320022163,1.23429320022163,0.813711596332843,"tsl"
"blast_c_097",16,19,5,8,164,364,40,48,528,1.46155475344991,1.46155475344991,0.846378621378621,"tsl"
"blast_c_101",3,2,1,42,41,487,6,48,528,0.270697846640574,0.270697846640574,0.607530645261651,"tsl"
"blast_c_109",6,28,2,12,14,514,36,48,528,2.60916383029533,2.60916383029533,0.926959281531266,"tsl"
"blast_c_118",8,9,6,25,101,427,23,48,528,0.820915033072049,0.820915033072049,0.739190602697374,"tsl"
"blast_c_119",0,0,0,48,0,528,0,48,528,NA,NA,NA,"tsl"
"blast_c_122",3,4,7,34,53,475,14,48,528,0.730873904733959,0.730873904733959,0.717118933697881,"tsl"
"blast_c_124",0,29,12,7,19,509,41,48,528,2.85378219972586,2.85378219972586,0.951648595785833,"tsl"
"blast_c_126",5,9,6,28,65,463,20,48,528,0.94917057412552,0.94917057412552,0.759829668172001,"tsl"
"blast_c_147",5,18,11,14,73,455,34,48,528,1.63670341697421,1.63670341697421,0.866587823940765,"tsl"
"blast_c_149",9,5,1,33,83,445,15,48,528,0.517268556570436,0.517268556570436,0.670309839972761,"tsl"
"blast_c_150",9,19,7,13,101,427,35,48,528,1.48345482363432,1.48345482363432,0.8506919310198,"tsl"
"blast_c_164",6,6,3,33,97,431,15,48,528,0.412532226660128,0.412532226660128,0.642473458482739,"tsl"
"blast_c_168",18,18,1,11,27,501,37,48,528,2.37552795998247,2.37552795998247,0.923035991898267,"tsl"
"blast_c_193",17,9,3,19,164,364,29,48,528,0.758280164174137,0.758280164174137,0.727929398188019,"tsl"
"blast_c_204",15,9,6,18,134,394,30,48,528,0.981256554476381,0.981256554476381,0.772850330718351,"tsl"
"blast_c_206",9,10,7,22,69,459,26,48,528,1.22780737624104,1.22780737624104,0.807877035818212,"tsl"
"blast_c_209",1,1,1,45,10,518,3,48,528,0.542043430879758,0.542043430879758,0.68534281034281,"tsl"
"blast_c_210",1,1,6,40,23,505,8,48,528,0.743361254270529,0.743361254270529,0.716837308730873,"tsl"
"blast_c_211",5,3,9,31,27,501,17,48,528,1.25983850592323,1.25983850592323,0.793744062676786,"tsl"
"blast_c_213",3,3,2,40,30,498,8,48,528,0.614636288607653,0.614636288607653,0.693889193136181,"tsl"
"blast_c_216",0,3,3,42,66,462,6,48,528,0,0,0.5,"tsl"
"blast_c_220",5,32,2,9,44,484,39,48,528,2.27014068611951,2.27014068611951,0.923222610722611,"tsl"
"blast_c_230",9,7,5,27,48,480,21,48,528,1.17786705150877,1.17786705150877,0.793364448051948,"tsl"
"blast_c_232",17,11,0,20,32,496,28,48,528,1.76013429498451,1.76013429498451,0.863138877251781,"tsl"
"blast_c_233",5,29,5,9,35,493,39,48,528,2.39116834391894,2.39116834391894,0.929400889847137,"tsl"
"blast_c_265",10,8,5,25,90,438,23,48,528,0.900125367111691,0.900125367111691,0.754103723356255,"tsl"
"blast_c_267",8,17,8,15,51,477,33,48,528,1.79000033620393,1.79000033620393,0.878398045636468,"tsl"
"blast_c_268",12,8,10,18,92,436,30,48,528,1.25617160279969,1.25617160279969,0.816770920211287,"tsl"
"blast_c_269",10,5,4,29,53,475,19,48,528,1.01524921060613,1.01524921060613,0.768708133971292,"tsl"
"blast_c_406",9,5,6,28,86,442,20,48,528,0.772266598718136,0.772266598718136,0.728064582476347,"tsl"
"blast_c_409",15,7,6,20,134,394,28,48,528,0.87304558475993,0.87304558475993,0.751639857604325,"tsl"
"blast_c_420",4,20,11,13,22,506,35,48,528,2.34195900630858,2.34195900630858,0.915062111801242,"tsl"
"blast_c_427",6,12,9,21,103,425,27,48,528,1.01665330755607,1.01665330755607,0.777417310358487,"tsl"
"blast_c_428",19,15,8,6,138,390,42,48,528,1.78949643297248,1.78949643297248,0.883016983016983,"tsl"
"blast_c_429",17,17,3,11,177,351,37,48,528,1.16711829681105,1.16711829681105,0.805095305095305,"tsl"
"blast_c_438",0,4,3,41,32,496,7,48,528,0.495233448966536,0.495233448966536,0.668785347716799,"tsl"
"blast_c_439",4,3,7,34,78,450,14,48,528,0.497708388268249,0.497708388268249,0.665598845598846,"tsl"
"blast_c_440",12,10,8,18,124,404,30,48,528,1.04161155452171,1.04161155452171,0.783535853585358,"tsl"
"blast_c_444",8,3,7,30,39,489,18,48,528,1.12896663408969,1.12896663408969,0.782045919315858,"tsl"
"blast_c_451",3,4,2,39,61,467,9,48,528,0.310484687602124,0.310484687602124,0.616302208379296,"tsl"
"blast_c_454",1,5,12,30,67,461,18,48,528,0.822557813186261,0.822557813186261,0.736445255154583,"tsl"
"blast_c_456",3,20,15,10,20,508,38,48,528,2.588068215314,2.588068215314,0.933904419244245,"tsl"
"blast_c_457",2,1,17,28,42,486,20,48,528,1.19770724690016,1.19770724690016,0.793836513280958,"tsl"
"blast_c_458",2,2,0,44,23,505,4,48,528,0.327788693271591,0.327788693271591,0.629714221422142,"tsl"
"blast_c_462",7,7,9,25,113,415,23,48,528,0.740321542683481,0.740321542683481,0.722677270346207,"tsl"
"blast_c_467",12,5,9,22,137,391,26,48,528,0.749614617011782,0.749614617011782,0.725513297444244,"tsl"
"blast_c_469",10,4,3,31,63,465,17,48,528,0.804306632801995,0.804306632801995,0.732442067736185,"tsl"
"blast_c_470",8,5,5,30,42,486,18,48,528,1.08949627718371,1.08949627718371,0.777216610549944,"tsl"
"blast_c_471",9,18,13,8,95,433,40,48,528,1.88307540235896,1.88307540235896,0.895214413184968,"tsl"
"blast_c_474",31,10,2,5,295,233,43,48,528,1.11045677910092,1.11045677910092,0.785067462729904,"tsl"
"blast_c_475",5,3,1,39,37,491,9,48,528,0.588080476961844,0.588080476961844,0.688133884671563,"tsl"
"blast_c_476",6,3,1,38,60,468,10,48,528,0.395196248722289,0.395196248722289,0.640345765345765,"tsl"
"blast_c_478",16,17,7,8,169,359,40,48,528,1.43490853215105,1.43490853215105,0.842695935679919,"tsl"
"blast_c_481",5,10,7,26,57,471,22,48,528,1.13284612380994,1.13284612380994,0.789311031566388,"tsl"
"blast_c_483",7,15,10,16,105,423,32,48,528,1.27641448652203,1.27641448652203,0.821407223834085,"tsl"
"blast_c_484",2,7,30,9,55,473,39,48,528,2.14530812008197,2.14530812008197,0.915623136553369,"tsl"
"blast_c_485",6,6,4,32,59,469,16,48,528,0.786586493449551,0.786586493449551,0.728559919558054,"tsl"
"blast_c_487",5,4,1,38,48,480,10,48,528,0.522959934619024,0.522959934619024,0.673200757575758,"tsl"
"blast_c_488",7,2,1,38,76,452,10,48,528,0.250568687832832,0.250568687832832,0.59607803700724,"tsl"
"blast_c_491",19,9,2,18,180,348,30,48,528,0.728622686151712,0.728622686151712,0.721394984326019,"tsl"
"blast_c_492",6,9,5,28,81,447,20,48,528,0.81149283924438,0.81149283924438,0.735695037624568,"tsl"
"blast_c_493",3,2,2,41,13,515,7,48,528,0.912014186900704,0.912014186900704,0.738860168957256,"tsl"
"blast_c_497",11,6,3,28,53,475,20,48,528,1.06896779318413,1.06896779318413,0.777667464114832,"tsl"
"blast_c_499",7,5,10,26,62,466,22,48,528,1.08332828119243,1.08332828119243,0.782516936828291,"tsl"
"spoli_c_008",7,9,14,18,90,438,30,48,528,1.27100991145201,1.27100991145201,0.818804483188045,"tsl"
"spoli_c_014",2,3,5,38,46,482,10,48,528,0.546479825920304,0.546479825920304,0.678649566201433,"tsl"
"spoli_c_030",2,2,1,43,35,493,5,48,528,0.245860223836969,0.245860223836969,0.601051078738706,"tsl"
"spoli_c_049",0,0,1,47,44,484,1,48,528,-0.65384000460075,-0.65384000460075,0.296542553191489,"tsl"
"spoli_c_071",17,7,1,23,144,384,25,48,528,0.656830526959178,0.656830526959178,0.704377367424243,"tsl"
"spoli_c_076",11,10,7,20,86,442,28,48,528,1.19312338721399,1.19312338721399,0.805760416054534,"tsl"
"spoli_c_078",11,18,8,11,137,391,37,48,528,1.38657520525922,1.38657520525922,0.83848193694741,"tsl"
"spoli_c_088",4,4,8,32,52,476,16,48,528,0.859505915743542,0.859505915743542,0.741262414056532,"tsl"
"spoli_c_093",9,16,9,14,107,421,34,48,528,1.38070993875375,1.38070993875375,0.837027004712487,"tsl"
"spoli_c_097",35,7,0,6,288,240,42,48,528,1.03616408605458,1.03616408605458,0.775405844155844,"tsl"
"spoli_c_125",2,2,1,43,26,502,5,48,528,0.394082299661108,0.394082299661108,0.646260412893879,"tsl"
"spoli_c_342",38,8,0,2,372,156,46,48,528,1.19414528991947,1.19414528991947,0.780949123340428,"tsl"
"spoli_c_346",3,4,8,33,51,477,15,48,528,0.81244751397459,0.81244751397459,0.732475700400229,"tsl"
"spoli_c_379",3,16,3,26,56,472,22,48,528,1.14312039973725,1.14312039973725,0.790665709483121,"tsl"
"spoli_c_391",7,3,2,36,39,489,12,48,528,0.773116247857979,0.773116247857979,0.723682375906302,"tsl"
"spoli_c_396",13,6,4,25,102,426,23,48,528,0.81398556447219,0.81398556447219,0.737824509640186,"tsl"
"spoli_c_404",0,1,1,46,9,519,2,48,528,0.387330372165499,0.387330372165499,0.653989315116483,"tsl"
"spoli_c_409",10,11,7,20,88,440,28,48,528,1.17784996034963,1.17784996034963,0.803571428571429,"tsl"
"spoli_c_410",7,7,10,24,88,440,24,48,528,0.967421566101701,0.967421566101701,0.766666666666667,"tsl"
"spoli_c_419",9,9,4,26,103,425,22,48,528,0.754709167331826,0.754709167331826,0.725359747204667,"tsl"
"spoli_c_439",8,8,5,27,53,475,21,48,528,1.12208550282189,1.12208550282189,0.786324903167008,"tsl"
"spoli_c_444",28,8,1,11,225,303,37,48,528,0.927813423166751,0.927813423166751,0.761958628295262,"tsl"
"spoli_c_447",2,3,1,42,16,512,6,48,528,0.726009181518587,0.726009181518587,0.713808001893939,"tsl"
"spoli_c_448",21,9,3,15,154,374,33,48,528,1.03729869381277,1.03729869381277,0.783645276292335,"tsl"
"spoli_c_450",5,3,6,34,66,462,14,48,528,0.60182709767791,0.60182709767791,0.69047619047619,"tsl"
"spoli_c_451",12,11,4,21,94,434,27,48,528,1.08020821821684,1.08020821821684,0.787810904746389,"tsl"
"spoli_c_452",7,6,3,32,58,470,16,48,528,0.796606998485893,0.796606998485893,0.730379593810445,"tsl"
"spoli_c_477",3,10,15,20,59,469,28,48,528,1.42774218699293,1.42774218699293,0.83483960069781,"tsl"
"spoli_c_487",9,7,1,31,75,453,17,48,528,0.697079236628651,0.697079236628651,0.711542774846242,"tsl"
"spoli_c_494",8,5,1,34,76,452,14,48,528,0.514264206634647,0.514264206634647,0.669764969543731,"tsl"
"spoli_c_501",5,5,5,33,57,471,15,48,528,0.748703168309344,0.748703168309344,0.720961204400695,"tsl"
"spoli_c_522",9,13,12,14,106,422,34,48,528,1.38744059394329,1.38744059394329,0.837912157538586,"tsl"
"spoli_c_537",12,13,2,21,46,482,27,48,528,1.51600831203039,1.51600831203039,0.841466183271163,"tsl"
"spoli_c_583",4,2,2,40,31,497,8,48,528,0.598255480847169,0.598255480847169,0.690603850374977,"tsl"
"spoli_c_617",1,34,6,7,105,423,41,48,528,1.90015963899663,1.90015963899663,0.896287734637501,"tsl"
"spoli_c_640",15,21,4,8,34,494,40,48,528,2.48632073291898,2.48632073291898,0.936147405226353,"tsl"
"spoli_c_644",4,4,9,31,53,475,17,48,528,0.905300777234333,0.905300777234333,0.749670700816212,"tsl"
"spoli_c_647",7,4,1,36,87,441,12,48,528,0.300540097612029,0.300540097612029,0.610737476808905,"tsl"
"spoli_c_677",0,0,0,48,1,527,0,48,528,-Inf,-Inf,0.249526515151515,"tsl"
"spoli_c_724",5,7,1,35,41,487,13,48,528,0.810752616830249,0.810752616830249,0.73068307462558,"tsl"
"spoli_c_730",3,1,3,41,38,490,7,48,528,0.406804713048693,0.406804713048693,0.64652133580705,"tsl"
"spoli_c_740",7,4,6,31,71,457,17,48,528,0.731412903668409,0.731412903668409,0.718537544319498,"tsl"
"spoli_c_743",8,9,4,27,115,413,21,48,528,0.622323785169611,0.622323785169611,0.69575904321667,"tsl"
"spoli_c_760",11,14,8,15,100,428,33,48,528,1.36890827603161,1.36890827603161,0.834750971911125,"tsl"
"spoli_c_768",9,5,6,28,36,492,20,48,528,1.27904164808002,1.27904164808002,0.802586844050259,"tsl"
